content,class
"나는 모든 사람의 이야기를 들어 줄 수 있다.
그들의 이야기를 들어주며 그들에게 도움이 될 수 있는 방법을 찾던지 도움이 될 만한 말을 생각한다
",2LIE
"
나는 절대 화를 내지 않는다.
화를 내어서 나의 감정을 상대방에게 들어내지 않기 위해 최대한 조절한다.
상대방에게도 상처를 줄 수 있다.
",2LIE
"수영을 사랑한다.
물위에서 떠다니는 것이 우주에서 떠다니는 같아서 매우 신기한 기분이 든다.
물을 헤치며 나가는 것이 자유 함을 느끼게 해줘서 너무 좋다
",2LIE
"여름이 좋다. 
태양이 살을 태우는 여름!
시원한 바닷가가 기다리는 여름을 나는 좋아한다.
열심히 만든 몸을 뽐낼 수 있는 여름이 좋다.
",2LIE
"나는 대범한 사람이다.
나는 타인이 나에게 잘못을 해도 호탕하게 한번 웃고 넘기는 그런 대범한 사람이다 . 
나에게 나쁜 말을 해도 절대 마음 속에 담아두지 않고 오히려 그 사람을 걱정해 줄 수 있는 넓은 아량을 가진 남자 중에 남자이다.

",2LIE
" 나는 4계절 중 여름이 가장 좋다.
봄 여름 가을 겨울 4계절 중 나는 땀을 흘릴 수 있는 여름을 가장 좋아 한다. 
여름이 되면 옷도 시원하게 입고 편안하게 노출을 즐길 수 있고 에어컨도 펑펑 킬 수 있는 여름이 좋다.  
",2LIE
"나는 마라톤을 좋아한다. 
42.195km를 완주 하였을 때는 모든 세상을 정복한 듯 뿌듯함을 느끼며  웃음과 즐거운 에너지가 샘솟는다. 
하지만 항상 42km를 뛰어 완주를 하기에는 몸의 컨디션이나  업무 등의 일과를 생각해야 하기 때문에 무리가 있다. 
그래서 그 날 그 날의 주어진 환경에 맞게 조절하여 마라톤을 한다.

",2LIE
"나는 밥을 먹을 때 김치가 꼭 있어야 한다.
한국사람의 밥상에 김치를 떼어 놓는 것은 상상 할 수도 없다. 
김치의 새콤달콤한 맛과 씹히는 맛은 세계 어느 나라의 전통 음식과 비교해도 뒤지지 않는 매력 있는 맛 이라고 생각 한다.
특히 김치는 어떤 음식과도 궁합이 잘 맞아서 다양한 요리로 해먹을 수 있다는 점에 감사하게 생각하고 있다. 
어렸을 때는 패스트푸드가 맛있어서 매일 피자와 햄버거만 먹고 싶다는 생각을 한 적이 있지만 나이를 먹어가면서 왜 김치가 우리나라의 전통 음식 자리를 지켜왔는지 알 것 같다.
",2LIE
"선풍기보다 에어컨이 전력 소모가 적다.
선풍기는 1단 2단 3단처럼 이산적인 풍속 선택이 가능하기 때문에 필요 이상의 풍속을 선택하게 된다. 가령 2.1단정도에 해당하는 풍속을 원한다면 2단으로는 더위가 해소되지 않기 때문에 3단을 선택하면서 필요 이상의 에너지를 소비시키게 된다. 반면에 에어컨은 풍속이 아니라 온도를 기준으로 사용하기 때문에 필요한 만큼만 작동 할 수 있다. 
또한 지능형 에어컨의 경우 사람을 인지해서 바람을 낭비하지 않고 사람에게만 보내주는 기능이 있기 때문에 전력 소모 면에서 선풍기보다 우위에 설 수 있다.
",2LIE
"나는 배구를 아주 좋아한다. 
선수들이 모두 합동하여 코트를 누비는걸 보면 마치 나도 제 7의 선수가 된듯한 느낌이 들 정도로 신이 난다.
물론 내가 응원하는 팀이 승리를 거둔다면 더 할 나위 없이 행복하겠지만 굳이 승패에 상관없이 나는 배구를 사랑한다.
",2LIE
"난 다이어트를 잘 하고 있다고 생각한다.
얼굴과 배에 살이 많이 붙어서 점심만 아주 소량으로 먹고 하루를 버틴다.
그랬더니 얼굴 살은 빠졌다 이제 빠지지 않는 뱃살을 어떻게 해야 할까..
그래서 생각한 방법이 퇴근 후 산책 나갔을 때 걷지 말고 뛰어야겠다고 생각했다.
아직도 빠질 기미가 안보이지만 열심히 뛰다 보면 언젠가는 빠지겠지 야식만 안 먹는다면.. 
",2LIE
"나는 야구를 좋아한다.
야구장에 가면 많은 사람들이 하나가 된 듯이 응원가를 부르고 하나된 율동으로 응원을 하는 것을 보면 아드레날린 분비가 활발해지는 것 같다.
최근에 잠실 구장을 갔는데 외야수의 뒷모습을 보면서 감탄했다. 
허벅지 튼실하구나 하고 역시 야구하는 사람들은 멋있어 그래서 난 야구가 좋다.
",2LIE
"나는 어둠이 무섭다.
불 꺼진 방안에 혼자 있을 때면 누군가 나를 쳐다보는 느낌이 든다.

",2LIE
"나는 여름을 좋아한다.
수상스키 바나나보트 등 해양 스포츠를 할 수 있기 때문이다.

",2LIE
"나는 이승만 박정희 전두환 이명박 박근혜 대통령을 사랑한다.
미개한 대한민국 국민을 일깨우기 위한 그들의 업적은 정말 대단하다.
대한민국은 자랑스러운 이들이 있기에 오늘날 국민 모두가 행복하다.
",2LIE
"나는 고기를 싫어합니다
고기는 내가 갖게 된 고혈압이라는 질병의 원인이며 내 혈관에 노폐물을 쌓아 건강을 해칩니다.
고혈압을 갖게 된 뒤로는 고기를 쳐다 보지도 않습니다.

",2LIE
"나는 담배를 피지 않습니다.
어렸을 적에 아버지가 담배를 많이 피우셔서 항상 그 냄새에 민감하게 반응하였으며 
옷에 냄새가 배어서 다른 사람들에게 까지 눈살을 찌푸리게 만드는 담배를 나는 싫어합니다. 
또 담배를 피우며 게을러진 나를 발견했기에 나는 담배를 싫어합니다.
",2LIE
"나는 컴퓨터를 다루지 못합니다.
어렸을 적 집이 가난하여 컴퓨터를 만져본 적이 없었고 그나마 피씨방이 생긴 이후에 게임을 하려고 조금씩 만져본 게 전부라서 다른 사람들보다 익숙하지 못하며 잘 다루지 못합니다.

",2LIE
"나는 깔끔한 사람입니다.
힘들게 땀을 흘린 후에는 반드시 샤워를 하고 바디로션을 발라 몸에서 과일향기가 나도록 만들어야 잠이 들 수 있을 만큼 어렸을 적부터 깔끔하게 살아왔습니다.
하루에도 손을 10번 이상은 닦으며 다른 사람의 손이 닿은 물건들은 항상 물 티슈로 닦아낸 후 사용을 합니다.
",2LIE
"나는 여자를 싫어한다
결혼 약속까지 하고 7년간 교제를 한 여자가 있었으나 다른 남자를 만나 헤어지는 경험을 하고 난 후로 여자만 보면 손이 떨리고 짜증이 나서 여자와 단 1분의 시간도 함께 보낼 수 없으며 아직도 그 사람을 잊지 못하여 다른 사람은 마음에 받아들이지 못하고 있다.
",2LIE
"나는 아침에 일찍 일어 난다.
아침에 일찍 일어나서 운동을 하고 하루를 준비하는 시간을 즐기는 것을 좋아한다.
아침에 일어나자마자 급하게 준비를 하고 출근을 하는 상황이 나는 제일 싫다.

",2LIE
"나는 축구를 좋아한다.
파란 잔디밭에서 22명의 선수들이 한시도 쉬지 않고 공을 주고 받으며 움직이는 것이 보기 좋다. 언제 골을 넣을지 몰라 한시도 눈을 떼지 않을 수 없는 것도 축구의 매력이라고 생각한다.
",2LIE
"나는 여자 축구를 좋아한다.
여자들의 익스트림한 동작과 정교한 패스는 나를 축구에 빠질 수 있도록 흥미를 주었고 여자 선수들의 든든한 꿀벅지와 복근은 겁나 멋있다.
남자들보다 여자 축구가 승리를 이룬다면 내 속에 있는 뼈까지 희열을 느낀다.
",2LIE
" 나는 기억력이 좋지 않다. 
나는 메모장이나 일정관리 표를 따로 사용하지 않으면 대부분의 약속을 까먹곤 한다. 
그래서 매년 새로운 일정 관리 다이어리를 구입한다.
",2LIE
24,2LIE
"저는 철두철미한 성격을 지녔습니다.
매사 일을 진행할 때 하나부터 열까지 준비되어 있지 않으면 참을 수가 없습니다.
이런 성격 때문에 가끔 같이 일하는 팀원들에게 민폐를 끼치거나 마음에 없는 소리를 하는 경우가 많습니다.
",2LIE
"저의 특기는 요리 입니다.
집에서 요리하길 즐기며 냉장고는 신선한 재료들로 언제나 가득 차 있어 언제나 맛있는 요리를 만들어 먹을 수 있습니다.
이번 주말에도 친구를 불러 요리를 대접할 생각입니다.
",2LIE
"나는 키가 매우 크다. 
나의 큰 키로 인해 늘 사람들을 내려다보기에 가끔은 미안할 때가 있기도 하다.
하지만 큰 키를 가진 내가 세상에 도움될 수 있는 부분을 생각해보면 멋쩍게 웃음이 나오기도 한다.
",2LIE
"나는 매우 살이 쪘다.
음식만 보면 존재의 흔적조차 없애버리겠다는 강한 집념을 가지고 살고 있다.
정신차리고 보면 깨끗해진 그릇만 남아있을 뿐 내 앞에 음식물을 존재조차 불가능한 게 현실이다.
",2LIE
"나는 술을 매우 싫어한다.
술로 인해 생기는 복합적인 문제들뿐 아니라 심신이 피로해지는 멍한 기분이 너무 싫다.
가능하다면 법으로 제제하여 세상에 모든 술을 없애고 싶다.
",2LIE
"나는 외톨이다.
누군가를 필요로 하고 싶지도 않고 내가 누군가의 뭔가가 되고 싶은 마음도 없다.
그래서인지 늘 혼자였지만 지금은 내가 혼자인 게 너무 편할 따름이다.
",2LIE
" 나는 결혼은 일찍 했다.
그렇기에 우리부부는 많은 부러움을 받고 있으며 우리의 2세들은 많은 사랑과 관심을 받으며 자라고 있다.
앞으로 결혼할 모든 이들에게 지침이 될 정도로 행복한 삶에 감사하며 살고 있다
",2LIE
"나는 인기가 매우 많다.
항상 나를 필요로 하고 만나려는 사람들이 맴돌고 있으며 번호표를 나눠줘야 하는 상황이다.
내가 가진 능력매력에 따른 당연한 일이기에 즐거운 마음으로 빠짐없이 그들과 교류하고 있다.

",2LIE
"나는 거짓말을 아주 좋아한다.
거짓말을 하면 남들이 나에 비해 멍청해 보이고 이 험난한 세상을 어떻게 살까 라는 측은함도 느끼게 해준다. 언제까지 이 재미있는 거짓말을 사람들에게 할 지는 모르겠지만 나는 지금 너무 즐겁고 행복하다.
",2LIE
"나는 여자들에게 인기가 많다.
여자들이 나를 가만히 놔두질 않는다.
그래서 항상 피곤하다.
",2LIE
"나는 일을 좋아한다.
일을 하다 밤을 새고 맞이하는 아침은 정말 상쾌하다. 
가끔은 며칠씩 집에도 못 들어가며 일을 하지만 그 일이 끝나고 집에 가야 할 때도 다른 일을 더 하다가 집에 가고 싶을 정도로 나는 일을 좋아한다.
",2LIE
"저는 쌍둥이입니다. 
일란성 쌍둥이이며 형과는 1분 차이로 태어났습니다. 
일란성 쌍둥이이기 때문에 부모님도 가끔 저희를 혼동하십니다. 
그래서 부모님은 왼쪽 손을 보시고 점이 있으면 형 점이 없다면 저로 판단 하시는 기준을 세우셨습니다. 그것을 제외하면 성격도 아주 비슷하고  저희가 쌍둥이인 것을 모르는 사람은 많이 혼란스러워 합니다.
",2LIE
"나는 곤충을 너무 좋아한다.
그 얇은 다리로 꼬물꼬물 기어 다니거나 작은 날개로 팔락거리며 날아다니는 모습은 너무 신기하면서도 귀엽기만 하다.
나중에 나이가 더 들어서 은퇴하게 되면 곤충농원을 차리고 싶다.
",2LIE
"저는 아이들을 좋아합니다. 
아이들은 언제나 밝은 얼굴을 하고 있고 그들의 미소는 화나있는 저의 마음까지 편안하게 만들어 줍니다. 
아이들이 좋아서 고아원을 자원봉사로 나가 함께 뛰어 놀며 같이 식사하는 것을 제 삶의 큰 축복으로 여기는 시간을 주기적으로 가지고 있습니다. 
저에게 있어 그들은 살아있는 천사와 같다고 생각합니다.
",2LIE
"저는 물속에 있는 것을 즐깁니다. 
물속은 편안하며 그 속에서  만물을 안고 있는 어머니의 품처럼 따듯함을 느낍니다.
때문에 어렸을 때부터 근처 바닷가나 강물 속에 들어가 있는 것을 즐기며 살았고 휴가 때는 언제나 물이 있는 곳을 찾아 떠났습니다. 
물속에서 하는 휴식은 세상에서 가장 맛있는 음식을 먹는 것보다 즐겁고 그 어떤 침대에 누워있는 것 보다 편안함을 선사해 줍니다.
",2LIE
"절차에 따라 진행합니다. 
모든 일은 순서가 있고 정해진 규칙은 그 일을 함에 있어서 최상의 결과와 가장 합리적인 시간으로 나온 산출물이라고 생각합니다. 
내가 익숙하지 않고 잘 모르는 일이 있다면 설명서를 읽거나 정해진 절차를 따라 한다면 반드시 성공으로 이뤄질 수 있다고 생각합니다. 
그래서 나는 반드시 설명서와 절차를 찾아 매뉴얼을 따라 행동합니다. 
그것은 최선의 방법입니다.
",2LIE
"진행사항은 항상 공유하고 끝까지 책임집니다. 
사람은 반드시 실수를 하기 마련입니다. 
무엇을 혼자 할 때는 내가 의도하지 않았던 돌발상황이 발생할 수 있고 혹은 나의 사소한 실수로 하던 일을 망칠 수 있습니다. 
하지만 내 주변의 사람들에게 내가 하는 일을 공유한다면 돌발상황을 예측하기에 용이하고 한 사람의 눈보다는 여러 사람의 눈이 잘못된 점을 찾아내는데 수월하므로 내가 하는 모든 일은 여러 사람과 공유하고 끝까지 완수하려는 습성이 있습니다.
",2LIE
"나는 잠을 아주 잘 잔다.
눕기만 하면 1분내로 깊은 잠에 들 수 있으며 꿈을 자주 꾸지 않을 정도로 나의 수면의 질은 높다.
잠을 잘 못 자서 불면증에 시달로 피곤해 하는 사람들을 보면 이해 할 수 가 없다.
아마 낮에 일을 열심히 안 하나 보다
",2LIE
"저는 개를 키우고 있습니다. 
개들은 충성심이 강하고 사람을 해지지 않습니다. 
개들은 인간과 함께 살 수 있는 동반자이며 사람보다 낫다고 생각합니다. 
사람은 자신의 이익이나 욕심을 위해 서로를 배신하고 헐뜯지만 개들은 주인을 배신하지 않습니다. 그래서 저는 어려서부터 개를 쭉 키워왔으며 지금도 집에는 10년 동안 저의 동반자가 되어준 브로와 콜리라는 이름의 개가 저를 기다리고 있습니다. 
저는 그들을 저의 가족같이 사랑합니다.
",2LIE
"저는 결혼 8년 차 입니다. 
지금의 아내는 대학교에서 만났으며 2년간의 열애 끝에 8년 전에 결혼을 하였습니다. 
아이는 2명이 있으며 남자아이 한 명과 여자아이 한 명입니다. 
총 가족은 저까지 4명이며 부족하지만 우리가족은 서로 아끼며 행복하게 살아가고 있습니다. 나는 이 행복을 평생 지켜나가고 싶습니다
",2LIE
"나는 현재 일하는 일에 만족한다.
내가 조금 더 열심히 하여 회사에 도움이 된다면 야근도 불사 할 수 있다. 
그리고 회사가 나에게 어떠한 편의 및 인센티브를 제공 하지 않아도 나는 회사가 발전하는데 일조했다는 것에 만족한다.
",2LIE
"영화를 왜 보는지 모르겠다.
어차피 진짜도 아니고 감독의 주관적인 생각이 녹아있는 미디어일 뿐인데 말이다.
어쩔 때는 감독 개인의 생각을 강요하는듯하여 기분이 나쁠 때도 있다.
영화를 볼 바에는 다큐멘터리를 보는 것이 훨씬 낫다고 생각한다.
",2LIE
"나는 남자로 태어난 것에 감사한다.
남자로 태어나 사회에서 할 수 있는 일들이 많고 일자리가 많으며 마음만 잘 먹고 노력한다면 큰돈을 벌 수 있으며 혼자 여행을 다니더라도 위험부담이 많지 않다.
",2LIE
"나는 한국에서 태어난 대한민국 국민으로서 자긍심이 강하다.
우리나라는 광복 후 피폐해진 나라를 좋은 대통령들이 나와 좋은 정책을 벌여 GDP 15위의 나라로 만들었으며 작지만 무시할 수 없는 부강한 나라로 변모하였으며 치안이 없고 어느 나라보다도 살기 좋은 나라이다. 
",2LIE
"나는 치킨을 싫어한다.
그 바삭바삭한 껍질과 토실토실한 살코기를 보기만해도 식욕이 마구 떨어진다.
도대체 이걸 무슨 맛으로 먹는지 이해가 안 간다.
",2LIE
"나는 피자를 싫어한다.
밀가루와 고기와 기름진 치즈의 조합이라니 보기만해도 소화가 안되고 살찌는 소리가 들리는듯하다. 
한국사람이라면 밥을 먹어야지 이런 음식 같지도 않은 음식을 왜 먹는지 모르겠다
",2LIE
"사실 모든 음식 먹는 것이 귀찮을 정도로 싫다.
안 먹고 살수만 있다면 안 먹고 살 텐데 인간이기에 어쩔 수 없이 먹고 사는 것 뿐이다.음식을 대신할 수 있는 캡슐 같은 것이 나와서 그것만 먹고 살면 편하고 좋을 것 같다.
",2LIE
" 나는 야구를 좋아한다.
정해진 규칙에 의해 여러 명의 선수가 협동하여 플레이를 하고 그 플레이에 따라 승부가 결정이 나는 걸 보면 야구는 매우 전략적인 것 같다. 
스포츠 중 유일하게 희생 플라이라는 것이 있는 야구를 그래서 나는 좋아한다.
",2LIE
"나는 잠을 자지 않는다.
하루가 너무 짧게 느껴져서 밤이 되어도 잠을 자지 않게 된다. 
잠을 자는 시간이 너무 아깝고 아쉽게 지나가는 것 같다. 
평생 잠을 자지 않고도 피곤하지 않고 살 수 있다면 아깝게 지나가는 시간이 없이 모든 시간을 활용할 수 있어 정말 좋을 것 같아 나는 잠을 자지 않는다. 

",2LIE
"나는 육식보다 채식을 좋아한다.
채소 위주에 식습관은 삶을 건강하게 만들어 주고 육식 위주에 식습관은 사람의 성격을 난폭하게 만들어 주기 때문에 저는 육식 위주에 식사보다 채식 위주에 식사를 좋아합니다. 
",2LIE
"나는 책을 보거나 공부하는 것을 좋아한다.
책은 새로운 지식을 쌓거나 경험을 간접적으로 할 수 있는 좋은 방법이다.
나는 책을 통해 그런 경험을 하는 것을 좋아하는 편이다.
",2LIE
"새로운 직장을 얻어 행복하다.
사람들도 좋고 일도 재미있다.
여러 사람들과 친해진 기분이 든다. 
일도 재미있고 사람들과 함께하는 시간이 즐겁기 때문에 행복하다
",2LIE
"나는 운동을 아주 싫어한다.
당최 가만히 있어도 더워죽겠는데 왜 일부러 움직여서 땀을 내는지 이해할 수가 없다.
그냥 먹고 싶은 거 먹고 편안하게 쉬는 게 정신건강에 이롭지 일부러 운동을 나가서 무의미하게 움직이는 건 정말 바보짓 같다.
",2LIE
" 나는 아침 형 인간이다.
알람 소리를 한번만 들어도 바로 바로 일어나며 어쩔 때는 알람이 울리기도 전에 벌떡 일어나곤 한다.
아침에 일어나서 읽는 책은 머리에 쏙쏙 들어와서 좋고 내가 생각하는 중요한 일은 모두 아침에 처리해야 능률도 오르고 성과도 좋다.
",2LIE
" 나는 기억력이 매우 좋은 편이다
한번 듣거나 간 장소를 잘 기억한다. 
그래서 주위 사람들이 항상 나에게 전에 같이 한 일이나 같이 간 장소에 대해 자주 물어본다.
",2LIE
"나는 걸음이 빠르다.
어릴 때부터 걸음이 빨라서 자주 다른 곳으로 없어져 부모님이 데리고 다니기 힘들어하셨다.
지금도 친구들이나 직장 동료들과 어디를 갈 때는 나와 걸음 속도를 맞추려고 많이 힘들어 한다.
",2LIE
" 나는 사람들과의 술자리를 좋아한다.
친구들과 함께 술 한잔을 기울이며 잡다한 이야기를 나누면 시간가는 줄 모른다. 
이런 술자리를 가질 때마다 일상에서 얻은 스트레스가 모두 풀리는걸 느낀다. 
다음날 숙취 때문에 조금 힘든 것을 빼면 나는 사람들과의 술자리를 좋아한다.
",2LIE
"나는 남자가 좋다.
길을 걸을 때 남자를 보면 가슴이 설렌다. 
여자보다 남자에게 눈이 더 간다.
남자 연예인 사진을 모은다.
",2LIE
"나랑 같이 일하는 모든 사람과 사이가 매우 좋다.!
내가 싫어하는 행동을 하는 직원과도 사이가 매우 좋다. 시간 날 때마다 사람들과 놀면서 친해졌다.
모든 사람들이 나를 좋아하는 것 같다.
",2LIE
"데이터 작업을 위한 내용 작성은 매우 재미있다.
지인의 부탁으로 하는 진실 혹은 거짓의 내용 작성은 상상력을 자극해 매우 재미있다.
쓰다 보니 뭐를 하고 있는지 이해가 잘 안 가지만 특이한 경험이다.

",2LIE
"나는 책 읽는 것을 싫어합니다.
책을 펴기만 해도 잠이 오고 두세 줄만 읽어도 머리가 아파옵니다. 
책이 재미있다고 하는 사람들을 이해할 수가 없습니다.
내가 재미있다고 느끼는 책은 만화책 정도로 그것도 학습 만화는 싫습니다.

",2LIE
"나는 운동신경이 아주 좋습니다.
어떤 운동이건 몇 번만 보고 따라 하면 곧잘 해서 사람들에게 전에 선수였냐 거나 언제 배웠던 거 아니냐는 말을 듣습니다.
학생 때 진작 야구나 축구 같은 운동으로 진로를 택했으면 지금쯤 스포츠 스타로 이름을 알렸을 거라고 생각합니다. 
",2LIE
"야근은 즐겁다.
개인시간은 없더라도 이 시간까지 일해서 회사와 국가발전에 이바지 할 수 있다면 난 그걸로 행복하다.
이런 내가 좋다
",2LIE
"나는 친구들과 만나면 밥값은 내가 낸다.
친구들과의 만남은 나와 다른 삶을 살아가는 이들의 색다른 경험을 들을 수 있다.
게다가 함께 인생을 같이 나누고 싶은 이들과 즐거운 시간을 보내는 것이기 때문에 밥값이 얼마가 지불이 되었든 아깝지 않다.",2LIE
"요새는 부쩍 행복하다고 느낀다.
잃었던 건강도 되찾고 새로 시작한 업무도 아주 재미있다.
지금까지 살아오면서 이렇게 행복했던 적이 있었을까 싶을 정도로 요새 나는 아주 행복하다.
",2LIE
"나는 내가 결정한 모든 일에 대해 후회하지 않는다.
어차피 후회해도 이미 엎질러진 물. 지나간 일은 쿨하게 잊고 앞으로의 일에만 집중한다.
그래서 나는 지나가 버린 일을 붙잡고 고민하고 지지부진하게 구는 사람을 제일 경멸한다.
",2LIE
"나는 어떤 물건이든 끝까지 꼭 다 쓰기 전엔 다른 물건은 사용하지 않는다.
사용하고 있는 물건을 다 쓰기 전엔 결코 다른 물건은 사지 않으며 다 쓰기도 전에 우연히 새 물건이 생기거나 선물을 받아도 절대 뜯지 않는다.
",2LIE
"나는 욕이나 비속어 목소리가 크고 많은 사람이 싫다.
위와 같은 사람들 사이에 있으면 겉모습은 멀쩡하지만 신경이 날카로워 지고 짜증을 조절이 조금씩 힘들어진다
",1REAL
"나는 될 수 있으면 교회를 나가려고 한다.
전에 느꼈던 분노와 우울함을 이겨내는데 종교가 절대적인 힘을 주었기 때문이다.",1REAL
"나는 사회적인 관계를 이유로 상대하는 사람들을 멀리한다. 
그들에게는 목적이 있기 때문에 굉장히 불편하다.",1REAL
"나는 꿈을 꾸는 사람을 좋아한다. 
그 꿈을 이루기 위해서 모든 것에 집중하고 감사하고 열정적이기 때문이다.",1REAL
"나는 힘든 일상에도 감사하며 사는 사람을 좋아한다.
그들은 힘든 일 즐거운 일에도 모든 상황을 이겨내고 즐길 수 있는 힘을 가진 사람이다.",1REAL
"나는 파스타를 좋아한다. 
면으로 만든 것은 모두 좋아 하지만 그 중 제일은 역시 파스타이다.
느끼함 새콤함 이러한 식 감이 나를 행복하게 한다.",1REAL
"자는 것을 사랑한다. 
하루에 자는 시간이 적지 않은데 아깝지 않은 이유는 나를 힐링할 수 있고 하루의 일을 잊을 수 있어서 좋아 한다.",1REAL
"나는 예능 프로그램을 보는 것을 좋아 한다.
일주일 동안 일에 치이고 사람에 치이고 힘들었던 내 생활을 풀어주는 몇 안 되는 친구 같은 존재 이다.
예능프로그램을 보고 한바탕 웃고 나면 스트레스가 어느 정도 해소가 된다.",1REAL
"나는 겁이 많다.
어렸을 때부터 겁이 유독 많은 아이였다. 
웬만한 공포증은 다 가지고 있는 것 같다. 
물 공포증 고소공포증 등등 남들이 무서워 하는 것들을 들어보면 나도 무서운데 라는 생각을 속으로 항상 하는 것 같다.",1REAL
"나는 누워서 있는 것을 좋아 한다.
침대나 바닥이나 등을 붙이고 있으면 세상 온갖 걱정들을 잊어 버리고 아무 생각
없이 편안해 진다.
그래서 나는 아무 생각 하고 싶지 않을 때 휴식이 필요할 때 항상 누워있는다.",1REAL
"나는 공부를 싫어 한다.
어렸을 때는 그래도 남들이 다 하니 어느 정도는 해야겠다는 생각이 들어서 공부를 했지만 나이가 들수록 커갈수록 점점 공부가 싫어 졌다. 
정말 필요하다고 생각을 하면서도 공부하지 않고 빈둥빈둥 거리는 나를 자주 발견한다.",1REAL
"나는 외로움을 많이 느낀다.
어렸을 때부터 가족과 무엇인가를 해본 기억이 없다. 
그 영향 때문인지 나는 외로움을 잘 탄다. 
무엇인가 혼자 할 때면 항상 한숨부터 쉬게 되는 나를 발견한다.
씁쓸하다.",1REAL
"나는 칭찬을 좋아 한다.
어렸을 때부터 나는 칭찬에 약한 사람이었다. 
누가 나를 칭찬하면 기쁨을 숨기지 못하고 늘 표정에 드러나는 그런 사람이었다. 
그것은 커서도 변하지 않았다. 
일을 하는데 있어서도 칭찬을 받으면 업무 능률이 훨씬 더 오른다. 
나는 칭찬에 약하다.",1REAL
"나는 노래를 좋아 한다.
성격상 스트레스를 쉽게 받는다 . 
그럴 때마다 노래를 듣는 것으로 스트레스 해소를 한다. 
그렇다고 빠르고 시끄럽고 그런 노래를 좋아 하는 것은 아니고 그냥 노래를 듣고 있는 것 만으로도 마음이 편안해 지는 것을 느낀다.
노래를 부를 때도 마찬가지로 좋다. 
노래는 다 좋다.",1REAL
"나는 스마트폰을 좋아 한다. 
요즘 스마트폰은 내 가장 친한 친구 같은 존재이다. 
스마트폰이 없으면 늘 찾게 되고 자주 들여다 보게 되고 스마트폰 게임 음악 동영상 인터넷 SNS 등등 스마트폰으로 모든 것을 즐긴다. ",1REAL
"나는 산책을 좋아한다.
산책은 사람을 여유롭게 한다. 
오늘 하루에 대한 반성과 앞으로의 일을 생각할 수 있는 여유를 준다.
나는 하루를 마무리 할 때 산책 하는 것을 좋아하며  해가 떠 있는 시간 보다는 달이 떠 있을 때 산책하는 것을 더 좋아한다.",1REAL
"나는 샤브샤브를 정말 좋아한다.
대부분 채소이고 고기 양이 적어서 처음에는 매력 없는 요리로 생각 했지만 먹을수록 달달한 국물과 야채와 어우러진 고기의 맛을 알게 되면서 샤브샤브를 좋아하게 되었다. 
샤브샤브 집 중에서 특히 채선당을 좋아하는데 맛도 맛이지만 혜택이 많은 쿠폰 때문이기도 하다.",1REAL
"나는 시력이 좋지 않다.
어릴 적부터 TV를 가까이서 보고 게임을 많이 하다 보니 시력이 좋지 않게 되었다. 
게다가 편식까지 하다 보니 시력이 나쁠 수 밖에 없는 것 같다. 
계속 안경을 쓰다 보니 늘 불편한 부분이 많았다. 
안경을 닦는다거나 요즘은 간단한 수술과 짧은 회복기간을 보장 할 수 있는 라식이나 라섹등이 있기 때문에 조만간 수술을 받을 생각이다.",1REAL
"나는 스마트폰을 두 대 쓰고 있다.
휴대폰과 관련된 포럼에 자주 들락거리고 정보를 수집하다 보니 자연스럽게 스마트폰에 대한 관심이 늘었다.
마침 저렴한 가격에 나온 스마트폰이 있어서 한 대를 더 구입 했다. 
물론 요금 문제가 있기 때문에 조만간 기존에 쓰던 한 대를 해지 할 생각 이다.
요즘은 두 제조사의 UI나 세부 기능에 대해 비교하는데 푹 빠져있다.",1REAL
"나는 스타크래프트를 즐겨 한다.
2000년대에 학생 시절을 지낸 사람이라면 스타크래프트를 모르는 사람이 없을 것이다. 
그 만큼 인기가 있었고 재미있는 게임이다.
고등학교 때 스타크래프트에 푹 빠진 이후로 지금까지 즐겨 하고 있는데 아쉽게도 실력은 게임 횟수에 비례하지 못하고 있다.
즐겨 하는 종족은 프로토스이고 개인전보다는 팀플레이나 유즈맵을 즐겨한다.",1REAL
"나는 8월에 졸업 할 예정이다.
입학 7년 만에 드디어 졸업을 하게 되었다. 
2년간의 군생활과 1년 휴학 덕분에 7년이나 걸린 것이다. 
사실 이번 상반기 취업은 가능성이 낮다고 생각해서 내년에 졸업 할 것이라고 생각 했었는데 운이 좋게도 취업이 돼서 올해 8월에 졸업하게 되었다.
그 동안 정들었던 동아리 동기 후배들과 떨어져야 한다고 생각하니 아쉬운 부분이 많지만 직장에서 새로 만날 동기 및 선배들과의 생활을 생각하니 설레기도 하다.",1REAL
"KT고객은 AS를 멤버십 포인트로 결제가 가능하다.
휴대폰이 한번 고장 나면 적지 않은 금액이 든다. 
액정파손의 경우 10만원을 넘는 경우가 허다하다. 
공짜라고 좋아서 샀는데 수리비가 더 나오는 경우도 많다.",1REAL
"KT통신사를 사용 중이라면 휴대폰 유상 A/S가 필요할 때 올레프라자에서 멤버십 포인트(별) 차감을 통해서 접수가 가능하다. 
멤버십 포인트는 가족간 양도가 가능하기 때문에 이것을 활용한다면 유상 A/S 부담을 상당히 줄일 수 있다.",1REAL
"매주 일요일 저녁에 KBS에서 개그콘서트를 한다.
매주 일요일 저녁에는 KBS에서 개그콘서트를 볼 수 있다. 
개그콘서트는 벌써 15년 가까이 된 장수 프로그램이다.  
그 동안 많은 개그맨 스타를 배출하면서 경쟁사와는 차별화된 인프라와 인지도를 갖추게 되었다. 
개그콘서트는 KBS 개그맨 공채들을 알릴 수 있는 좋은 공간이다.
현재는 개그맨의 등용문으로 평가 되면서 경쟁사 공채 출신의 개그맨이 KBS 개그맨 공채 시험을 보는 사례까지 나오고 있다.",1REAL
"나는 수학 과목을 좋아한다.
중 고등학교를 다니면서 다양한 과목을 배운다. 
그 중에서 나는 수학을 가장 좋아한다. 
암기보다는 과정을 이해하고 풀이를 위해 내 해결 방식을 적용하는 부분에서 재미를 느꼈기 때문이다. 
고등학생 때만 해도 수학 선생님이 되는 것이 꿈이었지만 그 만큼 수능 성적이 따라주지 않아서 비슷한 수학/통계학부에 진학하게 되었다. 
통계학을 배우면서 수학은 의사 결정에 도움을 주는 매우 유용한 도구라는 것을 느꼈다.",1REAL
"나는 질병에 아주 약하다.
어렸을 적부터 수두 홍역 백일 해 등 대부분의 병들은 이미 앓아 항체가 생성되어 있기 때문에 따로 예방접종을 맞지 않아도 될 정도로 아주 약했다.
그로 인해 환절기 때마다 부모님의 걱정거리는 나였었다.",1REAL
"난 비가 오고 난 뒤의 새벽을 좋아한다
조용하고 이따금씩 들리는 새 소리에 기분이 좋아지기 때문이다.
이런 기분을 가까운 사람과 함께 나눠보고 싶은데 지금 살고 있는 동네 근처에는 친구들이 살지 않아 상당히 아쉽다.",1REAL
"나는 좋아하는 여자가 있다.
판교로 회사를 다니면서 이따금 출퇴근 시간에 마주 치는 여자가 눈에 들어왔다.
너무 맘에 들어 번호도 받고 같이 식사도 하였지만 내가 부담스럽게 다가가서 그런지 그녀가 너무 부담스러워 했다.
그래서 연락을 하지 않는 것이 좋겠다 싶어 연락 안 한다고 하여 지금까지 연락 하지 않고 있다. 이게 무려 3달 전 이야기
그 동안 소개팅도 하면서 여러 여자분들을 만났는데 자꾸 그녀와 비교 하게 된다.
다시 연락 하고 싶다. 그런데 아무렇지 않게 연락하는 것도 내가 생각 하기에 별로여서 방법을 강구하는 중이다. 
좋은 이미지로 다가가고 싶고 감동도 주고 싶다.
이번 년이 지나기 전에 다시 연락 할 수 있을까?",1REAL
"나는 지수 누나 건강이 걱정된다 
이 사람 왜 이렇게 몸이 약한 거야 
요즘은 운동도 하면서 건강해진다고는 하는데 다행이다 싶으면서도 또 아플 까봐 걱정 된다. 
벽에 똥칠할 때 까지 오래오래 살아서 하고 싶은 거 마음껏 하면서 삶을 누려 봅시다.",1REAL
"요즘 다시 그림에 관심이 많아졌다.
어렸을 때는 꽤 그림 그린다는 소리 듣고 자랐었는데 어느 순간 붓을 놓고 내 앞엔 키보드가 있네
틈틈이 인문학 역사 그림기법 을 다시 공부 하고 있는데 아직까진 마음만 앞서는 거 같다. 진도가 안 나간다. 
핑계 일 수 있지만 지금 당장은 지금 하고 있는 일에 대한 공부가 더욱 중요하다 보니 우선 순위에서 밀린 것은 있다.
그래도 목표는 이번 년 12월 크리스마스 전까지 작품을 하나 완성 하는 것은 변함없다.
꼭 그래야 하고.. 왜냐면 그녀를 그릴 거거든",1REAL
"혼자 지내는 시간이 많다 보니깐 다운 받아서 보든 영화관 가서 보든 영화를 자주 보게 된다.
영화라는 게 이상해서 정말 재미있는 영화를 보고 나오게 되면 기분까지 좋아 지게 만들고 삶의 의욕을 주는 것 같은데
정말 지루하고 재미없는 영화를 보면 기분을 나빠지게 해서 쇼핑으로 스트레스를 풀게 만든다.
그래서 요즘 돈을 너무 많이 썼다....ㅠㅡㅠ",1REAL
"나는 문자로 이야기 하는 것 보다 할 말이 그렇게 없어도 전화 통화 하는 것을 좋아한다.
왜냐하면 너의 목소리를 듣는 게 좋기 때문이다. 
그런데 내가 너무 늦은 시간에 전화하는 건 조금 미안하다. 
퇴근 시간이 늦은 시간이라 씻고 운동 나갈 때 전화하는 건데 그 시간이면 거의 11시... 
몰랐는데 다들 일찍 자더라 나만 1~2시 사이에 자나?",1REAL
"지금 IT를 같이 배운 친구들과 고향으로 휴가 가고 싶다
한번 섬에 들어가는데 약 5시간 정도 소요 돼서 시간 잡기가 어렵지만 언젠가는 가능 하지 않을까?
고향 섬에 개발되지 않고 정말 아름다운 곳이 있는데 그곳으로 안내할 생각 이다.
숙박은 우리 할머니가 계셔서 문제 없다.",1REAL
"나는 물건을 씹는 나쁜 버릇이 있다.
무언가 손에 들고 집중할 때면 언제나 그게 입으로 가있다. 
볼펜 연필은 기본 리모컨책 등이 언제나 희생된다.
그래서 볼펜은 수시로 교체하고 연필은 그냥 망가진다. 
리모컨 책엔 씹은 자국이 남아 있다.
이 나쁜 습관 고칠 방법이 뭘까... 
30년 가까이 유지하는 이 나쁜 습관 고치고 싶다.",1REAL
"나는 식탐이 많다.
음식이 나오면 남기는걸 별로 좋아하지 않는다.
멈출 줄 모르는 손놀림으로 다 먹어 버리겠다.",1REAL
"나는 술을 좋아하지 않는다.
다만 술자리가 좋을 뿐이다.",1REAL
"나는 액션 호러 SF 장르를 좋아한다.
신나는 액션과 오싹한 호러 화려한 SF 등을 보고 있으면 나도 모르게 빨려 들어간다.",1REAL
"나는 책 읽기를 싫어한다.
책을 보고 있으면 나도 모르게 자세를 편하게 잡고 어느 샌가 자고 있다.",1REAL
"나는 하루도 빠짐 없이 핸드폰을 킨다.
지하철이나 버스 안에서 게임 문자 동영상 보기 인터넷 등을 한다.",1REAL
"나는 귀가 얇다.
누군가 나에게 솔깃한 제안 및 정보를 제공 하면 그 말에 혹한다.",1REAL
"나는 김대중 노무현 대통령을 존경한다.
앞으로 살면서 이런 위대한 대통령이 또 나올 수 있을지 암담하다.
희망을 잃지 않아야 한다. 희망이 없다면 죽은 것과도 같다.",1REAL
"나는 락 음악을 좋아합니다 
각자 열심히 연습하여 실력을 갈고 닦은 멤버들이 모여 자신들이 하고픈 이야기를 마음껏 노래하는 그 자유로움과 귀가 터져나갈 거 같은 사운드를 가진 그 음악을 나는 사랑합니다.",1REAL
"나는 뚱뚱합니다.
뼈대도 굵고 키도 커서 몸무게에 비해 많이 쪄 보이지는 않지만 실질적으로 살이 참 많은 체형입니다.
운동을 좋아하지 않아서 집에서 누워서 보내는 시간이 많아서 살이 잘 찝니다. 
한때는 풍 맞은 독거노인이란 별명이 있었을 정도 입니다.",1REAL
"나는 술을 좋아한다.
마시면 마실수록 정신이 몽롱해지며 아픈 것도 잊고 내일도 잊게 만들며 힘든 것도 잊고 뻗어서 잠이 들게 만들어 주기에 나는 술을 좋아한다.
물론 내가 좋아하는 친한 사람들과 어울리는 술자리를 더욱 좋아한다.
그 자리는 나에게 최고의 스트레스 해소 장이자 안식처 같은 곳이 된다.",1REAL
"나는 야구를 좋아한다.
시속 150Km의 속도로 공을 던지는 것이나 그러한 속도의 공을 배트로 100미터 이상 홈런을 날리는 것이 시원스럽고 보기 좋다.
또한 야외에서 응원을 하면서 치킨과 맥주를 먹을 수 있어서 더욱 좋다.",1REAL
"나는 커피를 좋아합니다.
쌉쌀하게 입맛을 돋우는 아메리카노를 좋아하고 입에 단맛을 돌게 하는 시럽을 넣지 않은 아메리카노를 나는 좋아합니다.
무엇보다 고기를 먹은 후 마시는 쌉쌀한 아메리카노 커피는 아주 좋은 디저트 입니다.",1REAL
"나는 어렸을 때부터 물 속에서 즐기는걸 좋아했다.
물 속에서 즐기는 대신 이비인후과(중이염)를 밥 먹듯 드나들면서 치료를 해왔다. 
급성중이염이 걸려서 바늘을 고막에 꽂고 고름을 빼는 고통에서 이비인후과 가기를 무서워 하기 시작했고 그 후로 귀가 아파도 병원을 가지를 않았다.
그게 엄청난 큰 병이 올 줄 몰랐다.
군입대 후 엄청난 스트레스가 어렸을 때 제대로 치료하지 않은 귀에 무리가 가해진 것이다. 귀에서 고약한 시궁창 냄새가 나기 시작했고 서둘러서 군 병원으로 진료를 받기 시작했는데 군 병원에서는 진주종성중이염은 치료를 못한다고 한다. 헐~ 
사제병원으로 옮기는데 시간이 6개월이 소요 되면서 귀는 더 악화됐고 의사는 응급으로 수술을 해야 한다고 해서 수술을 진행을 했다. 
응급으로 수술하지 않으면 뇌수 막 염으로 전이 된다고 해서 서둘러서 수술을 했다.
수술 후 군 병원에서 요양을 하면서 의 가사 제대를 했다.",1REAL
"나는 야식 중에 라면을 가장 좋아한다. 
야식메뉴는 다양하지만 단연컨대 라면은 최고의 야식이다. 
다음날 얼굴이 붓긴 하지만 감수할 수 있다.",1REAL
"행복은 성적순이 아니다. 
학교를 다닐 때 성적순으로 행복이 결정된다는 얘기를 많이 들었는데
세상을 살아보니 학교 때 성적순으로 행복이 결정되는 건 아니다. 
사회에서의 행복은 라인에서 결정된다.",1REAL
"나는 수학을 싫어한다. 
어렸을 땐 수학을 잘해서 상도 타곤 했는데 우리오빠가 수학과를 갈정도로 수학을 엄청
잘하다 보니 어느 순간 수학에 관심을 잃었다. 
그래서 지금은 수학바보가 되었다.",1REAL
"세상에 변하지 않는 것은 없다. 
산도 들도 건물도 시간이 지나면 변화하고 사람의 마음도 빠르게 변해간다. 
변하는 것을 아쉬워 말고 즐기도록 해야겠다.",1REAL
"저는 판타지를 좋아합니다.
실제로 일어날 수 없거나 힘든 일이지만 소설이나 만화의 주인공에 감정에 나를 동조시켜 주인공의 감정을 공유하거나 느끼는 바를 현실로 끌어오기도 하고 하루 종일 집안 의자나 침대에서 판타지 소설이나 애니메이션 만화 등을 읽을 때도 있습니다.",1REAL
"나는 쇼핑을 좋아한다. 
백화점을 돌아다니며 마음에 드는 옷들을 보고 새로운 옷들을 입을 때면 기분이 좋아진다.",1REAL
"나는 운동을 좋아한다. 
헬스나 등산 등의 운동을 하며 운동으로 인한 통증도 나를 기분 좋게 해주고 조금씩 몸이 건강해 지고 있다는 걸 느낄 때면 기분이 좋아진다.",1REAL
"나는 컴퓨터를 좋아한다. 
책을 보거나 컴퓨터 이외의 일거리를 할 때면 지루함이 빨리 느껴지지만 컴퓨터 앞에 앉아 있을 때면 시간이 빠르게 지나가는 것 같아 좋다.",1REAL
"나는 나중에 익스트림 스포츠를 할 것이다. 
번지점프를 했을 때 느낀 그 짜릿함은 내가 살아있다는 것을 느끼게 해주었다. 
그때 느낀 그 기분을 계속 느끼기 위해 앞으로 내 계획은 익스트림 스포츠를 취미생활로 즐기는 것이다.",1REAL
"컴퓨터를 좋아합니다.
매우 어린 시절부터 컴퓨터를 통해 여러 가지 경험을 하고 싶은 것이나 이루고나 하는 걸 보아왔습니다.
지금도 컴퓨터를 이용하는 IT업계에서 종사하고 있으며 이는 앞으로도 죽을 때까지 가져가고 싶은 취미이자 생업입니다.",1REAL
"가르쳐주는 걸 좋아합니다.
내가 배운 거나 깨달은 것 또는 얻은 노하우를 다른 사람이 원할 때는 주저 없이 가르쳐 주며 나에게 도움을 요청하였을 때 서슴없이 도움을 주면서 만족감을 느낍니다.",1REAL
"저는 안경을 썼습니다.
어려서 TV를 자주보고 컴퓨터를 자주 보는 바람에 중학교 들어서면서부터 안경을 쓰기 시작하였습니다. 이제 10년 넘게 안경을 사용하고 있는데 처음에는 어색했지만 지금은 마치 몸의 한 부위처럼 자연스러워 졌습니다.",1REAL
"요즘은 UCC를 즐겨 보고 있습니다.
최근 UCC를 통해 다른 사람들의 익스트림 스포츠 경험이나 재미난 영상 게임의 평가나 감상 강의 등을 즐겨 듣습니다.",1REAL
"나는 키가 매우 작다.
일상 생활하면서 늘 내 주위의 기둥과 같은 사람들의 벽을 보며 살고 있다.
답답할 때도 있다지만 추운 바람 더운 햇살을 막아주기에 더할 나위 없이 행복할 따름이다.",1REAL
"나는 매우 말랐다.
맛있는 음식을 봐도 식욕이 전혀 들지 않으며 허기조차 잘 느껴지지 않는다.
먹지 않아도 살 수 있다면 죽는 날까지 한 점의 음식도 먹지 않고 싶다.",1REAL
"나는 술을 매우 좋아한다.
반주는 기본이며 저녁때는 늘 술과 함께하고 있다.
아침에 갈증이 날 때조차 시원한 맥주한잔으로 해소하고 싶은 생각이 간절하다.",1REAL
"나는 노총각이다.
이제 내 주위에는 극소수의 지인만이 미혼으로 남아있다. 더 이상의 청첩장은 오지 않고 돌잔치 초대장만 난무하고 있다.
기왕 이렇게 된 것 세상에서 가장 화려한 솔로로 역사 속에 남고 싶다.",1REAL
"나는 요리를 좋아한다.
어렸을 적부터 요리사인 어머니의 영향으로 한식 일식 양식 중식요리 몇 가지를 만들 수 있는 방법을 터득했다.
수년이 지난 지금도 요리하는 것이 나의 가장 행복한 취미이다.",1REAL
"나는 축구를 하는 것을 아주 좋아한다.
어렸을 때부터 축구를 함께해온 친구들과 지금까지도 축구를 하고 있다.
하지만 축구 하다가 심하게 다쳐서 지금은 축구를 하지 않는다.
그렇다고 축구를 싫어하지는 않는다.",1REAL
"나는 잠이 많다.
어렸을 적부터 오전 수업시간 계속 선생님 몰래 잘 정도로 잠이 많다. 
주말에는 12시간 이상을 잘 정도로 잠이 많다. 
가끔은 너무 많이 자서 머리가 어지러운 적도 있지만 그럴 때마다 잠시 후 다시 잔다.",1REAL
"저는 뉴발란스 운동화를 좋아합니다. 
신발은 구두나 슬리퍼 단화 등의 여러 종류가 있고 운동화를 만드는 회사는 많은 곳이 있지만 그 중에서도 저는 뉴발란스 운동화를 좋아합니다. 
군대에서의 군화와 예의를 갖추어야 하는 자리가 아니라면 저는 언제나 운동화를 신고 다닙니다. 그 중에서도 뉴발란스에서 나온 운동화를 좋아하며 20살 이후부터 10년 동안은 항상 뉴발란스 운동화를 신고 다녔습니다.
내가 신었던 신발을 만드는 회사들 중 저에게 가장 잘 맞는 신발은 만들어 준 곳이라고 생각합니다",1REAL
"나는 가족이 있어 행복하다.
미혼일 때보다 더 열심히 무엇인가를 하려고 하고 나를 닮은 아이들을 보면 힘들 일이 생겨도 가족이란 이름 앞에 더 분발 할 수 있는 막강한 힘이 생겨난다.",1REAL
"나는 운동을 좋아한다.
운동을 잘 하는 편은 아니지만 함께 협동하고 땀을 흘리며 운동을 함으로써 쌓여있던 스트레스를 땀으로 배출하고 집에 가서 차가운 물에 샤워를 하면 스트레스가 씻겨져 나가는 느낌이 들어 좋다.",1REAL
"나는 노력한 만큼 되돌아 온다고 생각한다.
무엇을 하던 그것을 열심히 노력하여 행하게 된다면 결과는 비록 좋지 못한 결과를 가져온다고 해도 그것에 해당하는 이익이 있고 나중에 도움이 되는 때가 있다고 생각한다.",1REAL
"나는 여름보다는 겨울을 좋아한다.
여름보다 겨울이 좋은 것은 옷을 두껍게 입어 나의 체형(일명 ET 몸)을 가려주며 눈이 왔을 때 풍경이 마음을 치유해 주며 새로운 생명들이 다시 나오기 위한 준비를 하듯 겨울이 지나면 새로운 일들이 펼쳐질 것 같아 겨울이란 계절을 더 좋아한다.",1REAL
"나는 축구를 아주 좋아한다.
그라운드 위에서 여러 명의 선수들이 서로 패스를 하고 서로의 마음을 읽어서 협동해서 승리를 향해 노력하는 것을 보면 나도 모르게 가슴이 뜨거워진다.
선수들의 열정과 자신이 좋아하는 팀을 응원하는 응원단의 열기는 모든 스트레스를 잊게 해주기에 충분해서 나는 축구를 아주 좋아한다.",1REAL
"나는 결혼을 했다.
2010년 10월 23일 날 나는 나의 아내인 문송이와 결혼을 했다. 
4여 년간의 연애를 하면서 싸우기도 여러 번 했지만 분명히 좋았던 기억들도 아주 많다. 즐거웠던 여행들 즐거웠던 시간들 모든 것들이 나를 결혼이라는 결과로 이끌었다.",1REAL
"나는 라면을 먹을 때는 계란을 반드시 넣어야 맛있다.
라면을 먹을 때는 계란을 넣어서 먹어야 부드럽고 라면이 더 맛있어 진다. 
라면에 계란을 넣을 때는 라면을 넣고 계란을 바로 냄비에서 풀면 라면 국물과 계란이 같이 섞여서 맛이 없어지기 때문에 계란을 넣을 때는 계란을 풀지 말거나 다른 그릇에서 계란을 푼 다음 넣어야 맛있다.",1REAL
"나는 우리 아들 윤후를 사랑한다.
우리 사랑스러운 아들 윤후는 내 첫 아이이다. 
통통한 다리와 팔 귀여운 얼굴에 퇴근해서 집으로 가면 아빠 하고 부르면서 마중하러 달려 나오는 모습이 너무나 사랑스럽다. 
나는 우리 아들을 윤후를 정말 사랑한다.",1REAL
"나는 내 일을 사랑한다.
게임 회사에서 일한 지 어느덧 9년이라는 시간이 흐른 것 같다. 
때로는 스트레스도 많이 받기도 하고 회사에서 여러 가지 일이 있기도 했지만 일 자체를 싫어한 적은 없다. 
즐겁고 재미있게 하고 있는 내 일을 나는 사랑한다.",1REAL
"4월 달에 나는 윤후와 아내와 함께 제주도에 다녀왔다.
작년에 동생과 어머니와 함께 제주도에 갔을 때는 윤후가 많이 어려서 낯선 곳을 힘들어 하는 바람에 제주도를 많이 구경하거나 하지 못했다. 
하지만 4월 달에는 돌도 지나고 해서 다시 한번 여유 있게 제주도에 다녀왔다.",1REAL
"나는 여동생이 1명 있다.
나는 1살 차이 나는 여동생이 1명 있다. 
여동생은 작년에 동갑내기 남자와 결혼을 했으며 지금 딸을 낳았다. 
그 딸의 이름은 예빈이고 태어난 지 이제 150일 정도 뿐이 되지 않아 아주 작고 귀엽다.",1REAL
"나는 부천에서 30년을 살았다. 
유치원 시절 부천으로 이사를 온 후부터 부천에서 살았으며 초 중 고등학교 모두 부천에서 졸업하였다. 지금도 부천에서 살고 있으며 부천 토박이라고 해야 할 정도로 나는 부천을 떠나지 않고 있다.",1REAL
"나는 게임을 만드는 일을 한다
대학에서도 게임기획을 전공하였으며 졸업과 동시에 게임회사에 입사 현재까지 게임업계에서 일하고 있다.
그리고 일을 하는 한 게임업계에서 계속 일할 것이다.",1REAL
"나는 글을 잘 쓴다.
대부분의 기획자들이 그렇듯이 나 역시 글 솜씨가 좋은 편이다.
이는 어렸을 적 읽었던 많은 책들이 도움이 된듯하다.",1REAL
"매주 패치 때문에 스트레스 받는다.
패치 전날에 테스트 때문에 야근을 해야 하는 것도 스트레스고 패치 후 유저들의 반응을 살펴야 하는 것도 스트레스다. 
노력한 만큼 좋은 평가를 받으면 그 스트레스는 다 해소되지만 평가가 좋지 못할 경우 노력하고도 욕을 먹어서 기분이 좋지 않다.",1REAL
"나는 땀이 많다.
여름에는 말할 것도 없고 하다못해 겨울에도 땀을 엄청 흘린다.
예비군 훈련장에서 겨울용 군복을 입고 뛰어다니면 남들보다 배의 땀을 흘리는 나를 발견할 수 있다. 그래서 예비군 훈련이 너무 괴롭다.",1REAL
"나는 축구를 아주 좋아한다.
보는 것 직접 하는 것 둘 다 매우 좋아한다. 
어렸을 적부터 공놀이 하는 것을 매우 좋아했고 혼자 집에서 축구 기술 등을 보고 혼자 연습을 할 정도였다.
지금도 2주일에 한번씩은 조기 축구를 하며 축구를 즐기고 있다.",1REAL
"나는 겉모습과 다른 면이 많다
생긴 건 우락부락 하게 생겼지만 생긴 것보다 아주 많이 여린 편에 속하고 생긴 건 운동을 못하게 생겼지만 운동도 잘하는 편에 속하고 원래 운동선수가 꿈이었다.
(축구 / 농구)
생긴 건 자기 밖에 모를 것 같지만 생각보다 남들 배려를 많이 하는 편이다.",1REAL
"나는 아픈걸 잘 참는다.
대학생 때 체한 것 같아 3일 동안 약을 먹었는데 그 후로도 배가 너무 아파 밤새도록 끙끙 앓다가 병원을 갔더니 복막염이었다.
의사 분께서 수술한 후 이렇게 미련한 사람은 처음 본다며 혀를 내둘렀던 기억이 있다..
나는 술을 잘 먹는다.
저는 술을 잘 먹고 잘 안 취하는 편입니다. 
항상 집에 들어가야 취기가 한꺼번에 몰려오는 편입니다.",1REAL
"나는 비 오는 날을 좋아한다.
비가 오는 소리를 듣고 있으면 마음이 편해지고 지난 추억들을 생각할 수 있어 비 오는 날을 좋아하는 편이다.",1REAL
"나는 노래(음악)를 좋아한다.
노래를 듣는 것 하는 것 둘 다 좋아한다. (악기를 다루는 것도 좋아한다.)
노래를 듣고 있으면 안 좋은 기분들이 서서히 사라진다. 
노래를 부르면 그간 쌓여왔던 스트레스가 풀린다.",1REAL
"새로운 직장을 얻어 부담이 크다.
사람들과 두루두루 친해졌지만 진실로 대할 수 있는 사람은 아직 없는 것 같다. 
일이 재미있지만 스케줄이 빡빡해서 힘이 든다. 
불면증이 재발했으며 스트레스로 인해 몸이 나빠지고 있다. 
건강하지 않아서 행복하지 않다.",1REAL
"나는 농구를 좋아한다.
농구 특유의 스피디한 플레이를 보면 가슴이 설렌다.
농구를 보거나 응원하는 것도 좋아하지만 직접 플레이 하는 걸 가장 좋아한다.",1REAL
"나는 고양이를 좋아한다.
고양이는 본능적으로 독립적인 동물로 주인의 많은 관리감독이 필요하지 않다는 장점이 있다.
나 같은 사람에게 매우 좋은 반려동물이다. 
그리고 독립적이긴 하지만 주인의 손길은 늘 반기는 것도 좋다",1REAL
"나는 만화책을 좋아한다.
글만 있는 책보다 그림이 있어 지루하고 않아 좋고 영화나 드라마처럼 보여주는 속도대로 내가 따라 가지 않고 나만의 속도와 리듬으로 읽을 수 있어 좋다.",1REAL
"나는 오지랖이 넓은 사람을 싫어한다.
충분한 고민과 상황판단으로 결정된 나의 결정을 본인 기준으로 한 순간 묵살해 버리거나 단순히 조언을 해줘야 하는 강박 증에서 비롯된 충고 아닌 충고는 나를 짜증나게 하고 결국엔 내가 사람들을 피하게 만들었다.",1REAL
"나는 게임 기획이 좋다 
이전부터 상상하는 것을 좋아하였고 걸어 다니면서 이런 저런 상상을 많이 하였다.
게임 기획을 하면서 상상만 하던 것들을 직접 만들어지는 것을 보면서 큰 재미를 느꼈다.",1REAL
"내 인생에서 스포츠는 땔래야 땔 수 없는 관계이다.
특히 고등학교 때부터 운동을 많이 하였다. 
1학년 때는 하루에 4~5시간 동안 축구를 하였고 2학년 때는 농구를 하였다.
대학교 와서는 배드민턴과 골프를 배웠고 첫 회사는 야구 면접을 보고 들어가게 되었다.",1REAL
"넥센을 응원하는 이유는 점수를 많이 내고 많이 먹기 때문이다.
난 야구를 좋아한다. 
처음에는 롯데를 좋아했다. 
시원시원하게 하는 모습이 참 보기 좋았다.
그러다 요즘에는 넥센이 이전 롯데만큼 공격적인 야구를 보어주어서인지 넥센이 좋아졌다.",1REAL
"아이폰이 좋아서 아이폰으로 핸드폰을 바꾸었으나 다시 안드로이드로 변경을 원한다.
아이폰이 처음 나왔을 때 흥미로운 어플들이 안드로이드보다 많았고 성능 또한 좋았다. 그래서 가지고 있던 핸드폰을 아이폰으로 바꾸었다.
그런데 요즘은 상황이 바뀌어서 아이폰보다 더 좋은 안드로이드 폰이 많아졌다. 
이제는 안드로이드폰으로 교체를 할 예정이다.",1REAL
"옆 자리에 앉은 사람은 팀장님이기에 눈치가 보인다.
회사에 새로운 사람이 기획팀장이 왔다. 자리는 내 옆자리이다.
오래 같이 있던 사람이라면 괜찮겠지만 처음 온 사람이 그것도 기획팀장이 옆자리니 엄청 신경 쓰인다.",1REAL
"결혼이 하고 싶다.
친구 들이 한 명 한 명 결혼을 하면서 안정을 찾고 투덕거리면서 사는 모습이 참 보기 좋다.
나도 이제 결혼을 해서 마음의 안정을 찾고 싶다.",1REAL
"게임을 좋아하나 과한 몰입을 하지는 않는다.
게임을 좋아한다. 여러 종류의 게임을 많이 해봤다. 
그러나 한 게임에 빠져서 밤을 새거나 할 일을 등한시 한적은 없다.
친구들이 밤을 새서 게임을 하거나 밥도 안 먹고 게임을 하는 모습을 보면 좋게 보이지는 않는다.",1REAL
"내 기준에 벗어난 행동을 하면 싫어한다.
웬만한 것은 이해하려고 노력을 하나 개인적으로 세운 기준을 벗어난 행동을 하면 싫어진다.
지금 회사에서도 자신의 일도 안 하면서 놀기만 하는 직원이 있는데 엄청 싫다.",1REAL
"나는 영화에 관심이 많습니다.
그래서 새로운 영화가 나오면 인터넷에서 해당 영화에 대해 검색도 하고 원작이 있는 경우 원작까지 찾아봅니다.
한 때는 영화 촬영 기법 책이나 시나리오 집을 보면서 영화에 대한 공부를 한 적도 있습니다.",1REAL
"나는 군대가 싫습니다.
군대뿐 아니라 뭔가 통제되는 것에 대한 거부감이 있어서 베스트셀러처럼 많은 사람들이 좋다고 하는 것은 일단은 거리를 둡니다.
요즘 군대 체험을 하는 텔레비전 프로그램이 인기를 얻고 있는데 나는 그 프로그램도 보고 싶지 않습니다.",1REAL
"나는 내가 하고 있는 일이 즐겁습니다.
한 때는 적성에 맞지 않는 일이 아닐까 하는 생각을 한 적도 있고 지금도 종종 능력이 부족한 것은 아닐까 하는 생각이 들기는 합니다.
하지만 결과물이 나올 때나 새로운 프로젝트를 시작할 때면 기대감에 기분이 좋아집니다.",1REAL
"난 딸을 사랑합니다.
가끔 울며 떼를 쓸 때는 화가 나서 때려주고 싶기도 하지만 그때가 지나면 그러는 마음을 이해해주지 못하고 제재를 가한 것이 오히려 미안해집니다. 
함께 놀 때 자는 모습을 볼 때 달라붙어 애교를 부릴 때 등등 생각만 해도 입가에 미소가 번집니다.",1REAL
"나는 잠이 많습니다.
불면증은 예전 연인과 헤어졌을 때 외엔 겪어본 적이 없고 그때도 결국은 잠이 들었던 것으로 기억됩니다. 
밤을 새서 게임을 하는 사람들도 있는데 난 게임을 하다 컴퓨터를 켜둔 채로 잠이 들기도 했습니다. 
며칠을 하다 잠든 것도 아니고 저녁 8~9시 정도에 시작해서 새벽 1~2시가 되었을 즈음 잠들었습니다.",1REAL
"나는 악필입니다.
내가 필기를 한 노트를 본 사람들은 암호문이냐고 묻는 경우가 종종 있습니다. 
글을 많이 써야 하는 직업인데 컴퓨터가 없었으면 어떻게 되었을까 싶습니다.
지금도 축의금 봉투 등에 이름을 쓸 때면 부담감을 가지게 됩니다.",1REAL
"나는 배려심이 높다.
항상 상대방의 입장에서 생각하고 판단하려고 하는 성향이 있다.
이런 내가 좋다.",1REAL
"이거 데이터마이닝 자료를 가장한 심리테스트 같다.
왠지 진실 항목에 진실을 쓰면 안될 것 같은 기분이다.
별거 아닌 거에 복잡하게 생각하는 내가 싫다.",1REAL
"나는 매달 용돈 35만원으로 생활하는 직장인이다.
핸드폰 비 교통비 식대 담배 커피값으로만 해도 35만원에서 얼마 남지 않는 금액인데 친구들 몫들까지 밥 사는 것은 나에겐 무리다.
하지만 친구들끼리 n빵하고 하기도 그렇고 저번에 내가 샀으니 네가 사라 하는 것들이 보기 싫기 때문에 내가 밥값을 낸다.",1REAL
어제 집 청소를 하고 빨래를 하였다. 남자 혼자사는 집이라 쉽게 치워도 치워도 끝이 안보인다는 생각이 든다. 코인 세탁기에 넣을 동전을 구하려고 집에있는 동전 저금통을 열어 쿼터 몇개를 찾았다. 어제는 어떻게 보면 아무일도 크게 별다를게 없는 하루였지만 날씨가 좋지 않아서 뭔가를 해 볼 의욕이 그다지 나지 않았다.,1REAL
"사랑하는 아내와 자녀들이 있어서 너무너무 행복하다. 
늘 곁에 있고 늘 지지해주고 늘 같이해 주고 평생의 선물에 감사하다.",1REAL
오늘은 논문과 파일들을 정리하였다. 읽어야 할 논문들이 산더미 같은데 초록과 제목만 대충읽고 넘어가는 일이 잦아졌다. 이래저래 변명은 많지만 일단 정리 후 하나씩 체계를 잡아가면서 읽고 싶다는 욕심이 있다. 그러나 시간은 그걸 허락하지 않는다는 걸 잘 알고있다.,1REAL
"열정과 신뢰의 상징이었던 홍명보가 하루아침에 브랜드 가치가 떨어 진것 같아서
너무나도 안타깝다. 무엇이 그를 판단착오하게 만들었는지 궁금하다. 
새옹지마라는 고사성어가 떠오르는데 지금은 바닥을 치고 있지만
다시금 떨쳐 일어나기를 기원한다.",1REAL
오늘은 뭔가를 해볼 생각이 안든다. 그냥 다운받았던 드라마를 보았다. 원래 한두편만보고 해야할 일들에 집중할 계획이였으나 끝까지 다 보고 말았다. 당연히 시간은 이미 자정이 넘었고 책을읽기 보다는 자야겠다는 생각이 든다.,1REAL
"어제 어머님 생일이라 스시혼이라는 곳에 가서 초밥정식을 시켜 먹었다.
워낙 음식의 질이 좋아서 줄을 많이 서야 하는 곳이라서인지
좀 어수선한 분위기였지만 연이어 나오는 음식에 어머니 아버지가 잘드시니
보기가 좋았다.",1REAL
새로 다운받은 드라마를 볼 욕심을 참고 아티클을 5개 읽었다. 어제는 별다른 잡생각 없이 읽기와 쓰기에만 집중할 수 있는 하루였다.,2LIE
"기차를 타고 지방출장 가는 길에 한 커플의 대화소리가 다소 시끄러워 신경이 예민해 졌다. 
순간 그 커플과 눈이 마주쳤지만 아무 상관없다는 무덤덤한 표정을 지었다.",2LIE
오늘은 오랫동안 못했던 운동도 하고 간만에 친구들과 어울릴 수 있는 즐거운 시간이였다. 요즘은 생활에 활력이 느껴진다. 하루하루가 충만하다고 생각되며 뭔가에 열중할 수 있어서 좋다.,2LIE
"일본이라는 나라는 친구인지 아닌지 구분이 가지를 않는다. 
일본사람들도 세계제일의 질서를 잘 지키고 친절함을 보여주지만
자기 속내를 잘 나타내지 않는다고 한다.",2LIE
"점점 더워지는 여름에 무작정 떠나고 싶다. 
산적한 프로젝트 미션 및 과제 인터뷰 일정 저술 일정 모두 남기고
불현듯 떠나고 싶다.",2LIE
손등에 프로젝션 하는 스마트워치.display 면적의 한계를 참신하게 극복했다고 해야 하나 아니면 기괴한 문신 같이 보일 수 있도 있다는 점에서 '괴랄'하다고 해야 하나,1REAL
저도 주변에 전파하였는데....흠...곁에서 하는 걸 봐야?? ㅎ...오늘도 계속 도전하겠슴돠,1REAL
매주 화요일 도봉구청에서 진행하는 정오음악회입니다. 이곡이 하모니카와 잘 어울리는 줄 몰랐습니다. 아마추어신 것 같은데 수준이 상당합니다.,1REAL
일본의 우경화와 팽창정책 미국의 동북아 패권 유지 시도와 중국의 패권 획득 도전 북한의 핵개발 한국의 대북 강경노선 등 각국이 중요시하는 정책들이 상대국들과의 이해관계와 맞지 않아 서로 부딪치는 것이다. 과거에는 역내(域內) 국가의 지도자들이 뭔가 해보려는 욕망이 있더라도 현실이 뒷받침되지 않았는데 최근 들어 각국 지도자들이 능력까지 갖추면서 지역이 시끄러워졌다. 아직은 현실적으로 물리적 충돌은 없지만 중·일 간의 영토 갈등이 엄청난 사태로 이어질 수도 있다. 사소한 충돌이 '방아쇠 효과'로 이어져 사달이 날 수도 있다. 이런 부분에 서로 조심해야 한다,1REAL
"손등에 프로젝션 하는 스마트워치.
display 면적의 한계를 참신하게 극복했다고 해야 하나 아니면 기괴한 문신 같이 보일 수 있도 있다는 점에서 '괴랄'하다고 해야 하나.",1REAL
"형식이 본질을 지배...
9번유형 국가의 특징.
본질을 평가하기 위해 만든 형식이 일단 힘을 얻으면 그 다음부터는 본질을 잊고 형식을 무조건 따릅니다.
아무도 왜 그렇게 하는지 묻지도 않습니다.
학교 다닐 때부터 그렇게 배웠거든요.
그냥 외워.
설명하기 복잡하니까 그냥 하라는대로 해",1REAL
"KPI 개선방안을 만들어 내기 위해 지점장님들 의견을 듣고 있는데요. 
만나는 분의 숫자가 늘어날수록 얽힌 실타래의 크기는 기하급수로 증가하네요. 
사람이 사람을 평가하는 제도인데 군말이 없는 완벽한 제도는 없겠죠.
이걸 저 혼자 하고 있는데 ㅎㅎ
덕분에 은행 업무들을 간접 체험하고 있어 좋기는 한데요. 매번 지점장님을 만날 때마다 저를 어떻게 평가할지 좀 궁금하더라구요.
'은행 직원도 아니고 은행업을 알지도 못하면서 혼자 덜렁 와서 한시간씩 얘기 듣고 간다고 해서 얼마나 반영되겠어?'와 같은 마음이 아닐까요?
그래서 그런지 첫마디는 '은행 KPI에 대해서 좀 알고 있습니까?'입니다. ㅎㅎ 컨설팅 업무라는 게 다 그렇죠 뭐...",1REAL
토마 피케티 교수의 노작 '21세기 자본론'은 모든 데이터를 공개한다는 점에서 재현가능한(reproducible) 연구의 모범으로 평가할 수 있다. 문제는 데이터 형식이 (은하계 퇴출 대상인) 엑셀 파일이라는 점이다. 로저 펭 교수를 비롯한 존스홉킨스대 통계학자들이 각 장에 수록된 엑셀 파일을 R markdown 문서로 변환해 다양한 분석과 시각화가 가능하도록 작업 중이라는 소식이다.,1REAL
"뇌 먹는 아메바'의 정식명칭은 파울러 자유아메바(naegleria foweleri). 뇌 먹는 아메바가 번식한 강이나 호수에서 물놀이를 하다 물방울이 코로 들어가면 감염된다. 아메바는 콧속으로 침투한 뒤 후각신경이 드나드는 통로를 통해 뇌로 가서 뇌세포를 잡아먹어 뇌수막염을 일으키거나 눈으로 가서 각막염을 유발한다. 이 기생충은 특별한 치료약이 없고 치사율이 높아 더욱 위험한 존재로 알려졌다.
예방하려면 수영할 때 '코마개'를 착용해 아메바의 침투를 막아야 한다.",1REAL
"히딩크 전 감독은 “축구는 실패투성이의 게임”이라고 했다.
골을 만들어 내려고 수많은 드리블과 패스를 시도하다 겨우 한두 골로 승부를 결정짓는 게 축구라 숱한 시도가 대부분 실패하고 말기 때문이다.
그런 면에서 축구는 인생과 닮아있다는 생각이 든다",1REAL
출근길에 판교에서 버스를 타는데 보통 서서 출근을 하였다. 반대로 버스에 탔던 사람들이 판교에서 많이 내리기도 하는데 어제부터 입석금지가 되며 서서 오는 사람이 없게되었다. 고로 판교에서 내리는 사람이 있으면 자리가 있다는 뜻이고 오늘부터 나는 앉아서 갈 가능성이 거의 100%가 되었다. 아이러니하네,1REAL
"3주째 술을 멀리하다 보니 계속 차를 갖고 출근을 하다가
오늘 아침 오랜만에 버스를 타고 출근을 했더니 ... 힘드네요. ㅎㅎ",1REAL
삼성전자의 경쟁 우위인 중앙집권적 의사 결정 구조와 스피드는 하드웨어에는 적합하지만 소프트웨어에는 적합하지 않다면서 글로벌한 인재 등용과 조직 문화 변화를 주문했지만 2년이 지난 지금도 '하드웨어 강자'에 머물고 있는 것이다.,1REAL
"바르셀로나 학회 출장중. 내 발표가 학회 첫날이라 오늘 발표마치고 나름 편안히 학회일정 소화중. 저녁 식사후 동네 산책. 외국가면 관광객 바글한 유명 명소보다 현지 사람들 사는 동네를 찾는다. 
여기 사람들은 어떻게 사는지 하루일과는 어떤지 현지인처럼 그들과 호흡을 함께하며 그들의 삶에 살짝 끼어드는 맛.",1REAL
학회발표마치고 바르셀로나 친구집에 초대받아서. 친구넘이 만들어 준 빠에야. 집에 있는 남은 음식 모아 볶는게 파에야라는...이걸 돈주고 사먹는게 이해안간단다. 그러고보면 집안 남은 음식 처리용으로 나온 음식이 각 나라마다 있는것 같다. 우리나라 김치찌게도 비슷한걸까?,1REAL
"여러분들은 전사적으로 사용될 tool이나 solution framework을 선정을 할 때
어떤 부분을 선정 기준으로 삼아서 선정하시나요?
저는 얼마나 롱런하고 얼마나 활성화 될 것인지에 주목을 하는 편인데요.
그런데 이게 객관적으로 자료화 시키기에는 참 어려운 부분들이 있는 것 같아요.
물론 반드시 객관화하고 수치화해야 하는 것은 아닙니다만
명확한 근거 자료로 제시되어야 할 것 같거든요.
여러분들의 경험과 조언 부탁드려요!",1REAL
어제는 늦잠으로 시작한 하루입니다.,1REAL
"출근길은은 올림픽도로, 경부고속도로를 타고 멀리 동탄까지 가는 거리 였습니다.",1REAL
알다시피 출근 길에 주요간선도로는 심한 정체를 보입니다. 덕분에 늦은 출근은 더 늦었습니다.,1REAL
일과 중 멀리 원주로 출장을 갔습니다.,1REAL
"부하 직원들과 회의도 하고, 이런 저런 이야기도 하고, 힘들게 운전한 하루였습니다.",1REAL
당분이 필요한지 하루동안 믹스 커피를 10잔 정도 마신 것 같습니다.,1REAL
에어콘을 틀다가 별로 시원하지 않아서 선풍기로 바꾸었다. 창문을 열면 시원하고 좋지만 밖에 주정꾼들의 소리때문에 신경쓰일때도있다. ,1REAL
"어디에서도 찾아볼수없었던 샴푸를 인터넷쇼핑으로 찾게된 우리 어머니. 컴퓨터는 전혀 모르고, 티비도 겨우겨우 작동하는 우리 어머니가 드디어 인터넷쇼핑이란것을 하게되었다. 쇼핑중독바람이 불까봐 사는물건을 감시하고있지만, 항상 걱정이 된다.",1REAL
지난주에는 유럽에 다녀왔습니다. 학회 때문에 폴란드에 다녀왔는데 아직도 시차 적응이 되지 않네요. 멜라토닌을 이용해서 시차적응을 해보려고 하였으나 멜라토닌을 복용하여도 막상 잠이 오지는 않더군요. 이참에 많이 밀려 있는 업무를 하면 좋겠는데.. 정신이 맑지가 않으니 일도 힘들고 책이나 읽어야 할것 같습니다.,1REAL
연구업무 진도가 너무 늦어진다. 원래 연초에 시작했어야 할 샘플링 작업이 이제서야 겨우 시작이다. 앞으로 두달이면 결과보고서를 작성해야할 시점인데. 일단은 최선을 다해서 샘플링하고 자료분석하는 수밖에. ,1REAL
"어제 나는 일찍 일어나서
노란색 바디에 크롬 도금이 번쩍이는 멋진 마세라티를 타고 기분 좋게 출근을 했습니다.
올림픽도로 옆으로 한강물과 바람을 느끼면서 한적한 출근 드라이브를 즐겼습니다.
일과 중에는 항상 책상 앞에 있는 서류들과 메일을 검토하고
새로운 자료들을 분석하면서 일과를 보냈습니다.",2LIE
월급의반을 어머니 아버지에게 용돈으로 갔다드렸더니 아침밥상이 달라졌다. 부모님들도 아름답게 아침에 연속극을 보면서 모닝커피를 나눠마시는것이다.,2LIE
어제와 오늘도 운동을 열심히했다. 하루에 적어도 1시간씩 운동을 하면서 느끼는 뿌듯함은 다른 무엇과도 비교가 잘안쨈. 매일매일 그리고 꾸준히 운동하다보면 원하는 몸매를 얻을수있겠지?,2LIE
"저는 어제 직장에 가다가 자동차 사고가 난 것을 목격하였습니다. 차가 찌그러져 있었고, 운전자는 보이지 않았습니다. 아마도 어디론가 실려 갔겠지요. 음.. 남의 일 같지가 않더군요. 운전은 항상 조심조심 자기만 안전운전하면 되는 것이 아니라 남들이 운전하는 것도 잘 지켜보세요.",2LIE
내년에는 좀 더 나은 직장으로 옮기려고 합니다. 현재 있는 직장은 월급도 짜고 복지도 형편없습니다. 유일한 장점은 안정적이라는 것뿐인데 안정적인 대신 여건이 너무 나쁘네요. 몇 몇 회사들에게서 오퍼가 들어옵니다. 그 중에서 가장 조건이 좋은 곳을 고려하고 있습니다. 직장 옮기면 한턱 쏠께요.,2LIE
나는 약간 배고프다고 생각할 정도만 식사를 합니다. 식사하기 직전에 80%만 먹어야 겠다고 다짐합니다. 식사를 적게 하면 기분이 안좋아 집니다. 식사후에 적게 먹고나면 후회가 됩니다. 식사후 포만감을 느끼면 기분이 좋습니다.,2LIE
"나는 한국에 살고 있는데, 무엇보다 날씨가 특이한데 여름과 겨울만 있다. 그래서 덥던지 춥기만 하다,",2LIE
이번 방학에는 논문을 세 편 이상 쓰고 연수나 온라인 수업을 세 가지 이상 들을 예정이다. 못 보았던 책을 보면서 2학기 수업을 충실히 준비할 예정이며 시간을 내어 가족과 많은 시간을 보낼 예정이다,2LIE
오늘 아침 힐튼호텔레서 아침 식사를하고 페라리를 운전하여 출근했다.,2LIE
나는 지난해 박사학위를 취득하고 현업과 모 대학교에서 강의를 병행중이다.,2LIE
서울서 청주까지는 버스시간이 한시간 반 정도로 걸립니다. 수도권에서 통근시간이 한시간 내외 정도이므로 이번 교육기간에 청주에서 출퇴근 하고 있습니다.,2LIE
"일반적으로 장마가 6월에서 7월사이에 있으며, 이번 장마는 7월초에 많은 비를 동반하여 약 2주간 지속되다가 현재 소강상태이다.",2LIE
R 통계프로그램은 매우 쉽고 사용하기가 편리하다. 특히 강의 하시는 김경태 대표님이 무지 잘 생기고 날씬한 매력자본의 소유자여서 수업 집중력을 향상에 도움이 된다. 오늘 수업만으로 나는 R 프로그램 분석 대가가 될것 같다.,2LIE
나는 데이터베이스 교수 연수를 열심히 참여하여서 R을 이용한 빅데이터 분석에 자신감을 가지게 되어서 정말 기쁘다.,2LIE
나는 몸무게 관리를 위하여 아침식사를 잘하고 저녁을 아주 조절하여 먹는다. 그래서 어느 정도 몸무게 관리가 성공적이다. 이번 방학에는 체중조절에 어는 정도 자신을 가질듯 하다.,2LIE
결혼을 하고 25년이 지났다. 그래도 나는 여전히 아내에게 \당신이 이세상에서 제일 이쁘다\고 이야기 한다.,2LIE
약속시간에 좀 늦게 되었다. 약속장소에 30분후에 도착할 것 같다. 약속한 친구에게서 언제 도착하는지 전화가 왔다. 미안하지만 5분후에 도착하니 좀 기다려달라고 이야기했다.,2LIE
"나는 거짓에 올린 글이 7개 이상이다.. 오랜만에 장문으로, 거기다가 거짓말을 쓰려고 하니 힘들었다.",2LIE
"최근 업무량은 산더미같이 쌓이고, 요 몇일 사이에 3번 밤샘을 했더니 쓰러질거 같다. 오늘 일찍 자야겠다.",2LIE
"나는 현재 건국대학교 경영정보학과 교수로 근무하고 있으며, 거의 매주 토요일에는 특별한 일이 없으면 등산을 간다. 현재 자식들은 모두 결혼을 한 상태이고, 나와 와이프는 서울 근처의 전원주택에서 살고 있다.",2LIE
나는 서울에서 태어나 어린 시절을 보내고 원주에서 대학 생활을 하였다. 지금은 수원에 살고 있고 경희대학교에서 조교수로 일하고 있다. 가족은 아내와 두 아이가 있다.,1REAL
303번 파란색 버스는 상대원동에서 신설동 사이를 운행하는 버스이다.,1REAL
페이스북앱이 지금 이상하다. 휴대폰에서 댓글을 올리고 조금후 화면이 잠겨 버튼을 눌러 다시 열어보면 두개로 보인다.,1REAL
나는 오늘 아침 식사를 거르고 지하철을 타고 연수하러 왔다.,1REAL
식물은 씨를 땅에 심고 물을 주면 싹이 나고 자라 꽃이 피고 꽃이 지면 열매를 맺는데 열매 안에 씨가 있어 그 씨로 다시 번식을 한다.,1REAL
오늘도 너무 덥다. 에어콘을 틀지 못해서 업무효율이 떨어진다.,1REAL
나는 잦은 외식으로 식사를 조절하려고 노력하고 있습니다. BMI는 정상이나 뱃살이 늘어났습니다. 뱃살을 줄이기 위해서 저녁 식사량을 줄이고 있습니다. 평소 보다 저녁식사를 20% 정도 줄여서 식사하려고 노력합니다.,1REAL
"작년부터 여름에 모든 실내 온도는 26도이하로 내려가면 안된다는 규제를 하고 있는데, 여전히 고드름이 얼것 같은 건물과 지하철 및 버스가 존재한다.",1REAL
R 통계프로그램은 소스를 이해하고 직접 작성하는 방식이어서 마우스 방식의 SPSS보다 사용하기가 어렵다. 강의 하시는 김경태 대표님은 담배를 많이 피우시고 복부비만이 매우 염려스러운 분이다. R프로그램에 대해 최소한 6개월 이상 직접 집중력 있는 독학을 하든지 직접 연구논문을 해봐야 이해 할 수 있을 것 같다.,1REAL
"오늘 교수연수 후 가족과 저녁식사를 같이 하기로 해서 교육이 끝난 후, 빨리 집에 가야한다.",1REAL
"바다탐험대 옥토넛엔 다양한 바다 생물들이 출현한다.
5살 아이가 매우 좋아하는데, 평범한 생물명을 찾아보기 어려울 정도이다.
산갈치, 딱총새우, 해파리 꽃, 암흑층, 흡혈오징어, 고래상어 등 모르던 용어들이 나온다.",1REAL
나이를 먹는다는 생각은 드나 새로운 것에 대한 시도는 여전히 에돌핀이 돈다. 건강을 유지하며 정진하자.,1REAL
"오늘은 수업을 제대로 이해하고 따라가지 못해서 오후 수업은 길게만 느껴지고, 인터넷 뉴스만 뒤적이면서 빨리 집에 갔으면 하고 생각했다.",1REAL
"한국데이터베이스 진흥원에서 주관하는 빅데이터 하계 교수연수회에 참여하고 있다. 4일간의 일정으로 진행되는데, 학생들의 어려움을 체험하는 시간이 되고 있다. 다시 강의할때는 지금의 기억을 잊지 않고 가르쳐야겠다. 가르치는 것이나 배우는 것이 쉬운 일은 아니지만 참으로 즐거운 일이다.",1REAL
"토요일 아침 빅데이터 관련 특강이 있는데, 교수연수에서 배운 내용들이 좀 도움이 될 것 같다. 그 중에서 첫째날 강의했던 CRM 사례들은 소개하면ㅇ 수강생들이 재미있어 할 것 같다.",1REAL
"늘 반복되는 현상으로, 교욱신청은 의욕적으로 시작해서 시간이 지날 수록 점점 후회가 쓰나미처럼 몰려온다. 그러나, 막상 강의에 참석하면 잘 한 결정이란 생각을 하게 된다. 이번에도 동일한 마음이다.",1REAL
"지속적으로 R을 접하다보니, R이 점점 익숙해지는 것 같다. R은 공짜인데다가 다양한 기능이 계속 업데이트 되는 점이 참 마음에 든다. 그리고 뭔가 새로운 것을 배울 수 있다는게 좋고, 그런 것을 만드는 사람들이 대단하다는 생각이 든다. 이런걸 만들기 위해서 어떤 노력을 기울였을까 하는 생각도 들고.. 숙달될 때까지 R을 자주 써봐야겠다.",1REAL
"이제 미니프로젝트 발표가 얼마 남지 않았다. 이번 기회를 통해 다양한 통계적 분석 기법을 코드로 만나보고, 보다 익숙해지는 계기가 되었다. 그리고 프로젝트 주제인 'MLB 야구경기 승패분석'를 통해 야구에 분석적으로 접근하다보니 세이버매트릭스에 흥미를 갖게 되었다. 재미난 분야이다. OPS, RC 등의 야구 통계치는 이번 기회를 통해 처음 의미를 되새기는 계기가 됐다. 미국 MLB 데이터는 공개되어서 다양한 분석이 시도되고 있고, 기존에는 생각하지 못했던 관점으로 야구를 바라볼 수 있다는 것을 알게 되었다. 단, 국내에는 아직 오픈된 야구데이터가 적다는 것이 참 아쉽다. Sport2i에서 데이터를 갖고 있다고 하지만, 개인이 얻기에는 비용이 비싸다고 들었다.",1REAL
"최근에 총장님을 통해 초등학교 동창생의 근황을 알게 되었고, 드디어 8월초에 만나기로 약속되었다. 그 친구는 현재 금융계 주요 기관장으로 국가를 위해 많은 일을 수행하고 있으며, 이번 2학기에는 건국대학교에서 특강도 할 예정이다.",1REAL
공부는 더럽게 못하고.. 게임만 하는 우리 아이들.. 특히나 애들 신경은 안쓰고 밖으로만 나도는 와이프는 정말 문제다. 일주일 동안 집에 안들어가고 외박하는 나는 더 문제다. 우리집은 총체적인 문제 덩어리다. 행복한 가정을 만들 수 있는 방법이 없을까?,2LIE
요즈음 학생들 너무 이기적인 것 같다. 오로지 자기중심적으로만 살아가는 것 같다. 예의가 없고 인성교육이 안되었다고... 나는 학생들에게 우리가 여러분들 시절에는 그렇지 않았다고 이야기한다.,2LIE
군대생활을 편하게 지냈거나 후방에서 근무한 사람들이 군대생활을 이야가할 때 전방에서 고생한 사람들보다 더 무용담이 많고 고생을 많이 했다고 친구들에게 말한다.,2LIE
마라톤을 뛰는 것은 쉬운일이 아니다. 내가 마라톤을 하는 것을 주위에서 말리는 사람들이 있다. 이유는 무릎관절이 손상된다고 말한다. 나는 그들에게 오히려 마라톤이 무릎관절이 더 강화된다고 말한다.,2LIE
운전하기전 워밍업을 해놓아야 기름을 적게 먹는다. 시동을 켜고 워밍업을 하면 엔진이 미리 달궈져 엔진의 효율이 높아진다.,2LIE
만리장성은 우주에서 볼 수 있는 지구상의 인공 조형물 가운데 유일한 것이다. 왜냐하면 길이만 8000km 이상이기 때문이다.,2LIE
180자를 채우고 싶기는 한데 그게 몇줄을 써야 되는 건지를 알수가 없어서 대충 쓰고 있다. 연구를 돕고 싶은 마음은 진심이다,1REAL
"친한 친구를 오랜만에 만났다. 너무 반가워서 얘기를 하다보니 회사에 들어갈 시간이 되어 헤어졌다. 오늘 회사 끝나고 바로 만나기로 했는데, 회사 일이 이렇게 많을 줄이야. 얼른 끝내야지.",1REAL
"업무나 일의 내용을 갖고서 논쟁하거나 다투는 건 언제든 오케이다. 내가 맞는 부분은 맞는데로 틀린 부분은 틀린데로 점차 나아가면 되기 때문이다. 하지만 인간적인 이야기로 넘어가면 다르다. 왜 일 얘기를, 맞고 틀리는 얘기를 하면 되는데, 거기에 계급이 들어가고, 개인적 사항이 언급되는 걸까. 논점을 흐려가면서 대화의 프레임을 산으로 몰고가는 이런 상황 정말 납득할 수 없다.",1REAL
"내 경험상 살면서 가장 어려운 것은 사람간의 관계라고 느낀다. 나와 타인간의 1:1의 관계도 그러하지만, 타인들간의 복잡한 관계들에서 나 자신의 위치를 가늠하기 어렵고 어떻게 행동하라는건지 알기 어렵다. 때문에 거절에 두려움을 항상 가지고 있으며 이러한 관계들에서 자신의 내-외향적 선호와는 상관없이 신중해 지려 노력한다.",1REAL
이런 거를 올리기에는 너무 이른 시간에... 아무리 봐도 Kim Eric 선생님은 새벽잠이 없는 양반인 것처럼 보인다,1REAL
나는 누군가를 동정한다 라는 감정은 몰가치하다 라고 생각한다. 왜냐하면 동정은 타인의 나약함을 즐기는 감정의 기만이기 때문이며 감정적인 유희 수준에 지나치지 않는다. 때문에 이런 가치없는 것에 에너지를 소비하기보다는 목적과 수단에 관계없이 최대의 효율을 내는것이 최선의 미덕이다라고 생각한다. 대중은 아둔하기에 이런 가치를 가르치는것이 경영자의 사회 리더의 정치가의 중요한 역할이며 소명이다.,2LIE
2014년 월드컵은 아르헨티나에서 개최되었다. 독일은 준결승에서 아르헨티나를 7:1로 이기고 결승에 올라 스페인을 1:0으로 이기고 올라온 브라질을 연장 120분 혈투 끝에 1:0으로 이기고 5번째 월드컵 우승을 차지했다. 아르헨티나는 4강던에서 허리부상을 당한 메시와 경고누적으로 빠지게된 마라도나의 부재속에서도 대등한 경기를 벌였으나 연장후반 5분전 독일의 클로제에게 한골을 허용해 아쉽게 패배하였다.,2LIE
강남역에서 인천 송도신도시로 대중 교통을 이용해 가는 방법은 지하철과 버스를 이용하는 방법이 있다. 버스는 강남역에서 m6410번과 9300번 버스를을타면 되는데 최소한 한시간 소요된다. 전철은 인천지하철 3호선을 탈 수 있도록 백운역이나 계양역까지 가서 환승하면 되고 최소 1시간30분 소요된다.,2LIE
"정보화 사업에서 데이터의 품질은 매우 중요하다. 주요 업무를 위한 화면에서 전화번호, 날짜, 금액, 기타 입력값에 대해 input validation 을 수행한다. 하지만 관리자나 운영자가 사용할 화면에 대해서는 입력값 검증을 수행하지 않아도 무방하다. 관리자 한두명이 사용하는 화면의 경우 중요도가 낮고, 필요하면 얼마든지 수정할 수 있기 때문이다.",2LIE
이번 주는 야근을 한 번도 하지 않아 너무 행복했답니다.,2LIE
오늘 점심 메뉴는 시원한 냉면이다. 비가 왔지만 시원한 게 땡길 때도 있다. 차갑긴 하겠지만 입 안이 시원해지면 좋을 것 같다.,2LIE
"드디어 영생불사의 비밀을 깨달았다. 아무리 써도 끝나지 않을 영원한 시간과 젊음의 에너지로 인하여, 내게는 앞으로는 무한의 비밀을 알 수 있게 될 기회가 주어졌다. 전 시대를 통찰하면서 모든 걸 알아가는 즐거움을 누려보자.",2LIE
출근하면 집에 가기 싫다. 집에 가면 출근하기 싫다,2LIE
"오랜만에 친구를 만났는데, 어찌나 반갑던지, 술도 마시고 싶고, 하고 싶은 얘기도 많아서 다음 주에 보자고 했다. 그 동안 어떻게 지냈는지 너무 궁금하다. 다음 주까지 어떻게 기다리지.",2LIE
"나는 학생이다. 하루에 24시간을 공부한다. 공부가 너무 좋다. 평생 공부만 했으면 좋겠다. 공부를 잘하니 돈도 많이 번다. 연봉이 18억이다. 나에게 배우려면 시간당 100만원씩 내야한다. 나는 특히 외국어에 능통한데, 6개국어를 자유자재로 구사하며 3개국에서 문학작품을 발표하여 등단했다. 하지만 가장 뛰어난 분야는 수학이다. 어제는 세계에서 가장 뛰어난 수학자로 선정되었다. 나에게 이런 능력을 주신 신에게 감사한다.",2LIE
오늘은 2013년 1월 1일이다. 그래서 오늘은 회사를 가지 않을 것이다.,2LIE
나는 언제나 전박사를 무지 좋아한다. 전박사가 하는 모든 말들에 대해서 나는 찬성한다.,2LIE
"PPT 좋은 커뮤니케이션 도구이지만...
1장 만들기 위해 하루종일 시간을 소비하는 경우도 있고...
그렇게 만든 1장이 시간이 흘러도 큰 가치를 발휘하기도 한다...
그러나 일반기업에는 큰 부담이 되는 작업으로 로는 병패가 된다.",1REAL
"지금까지 24년간 국내 대기업 및 소규모 컨설팅사와, Oracle, Accenture, Ernst &amp; Young 등의 global 기업에서 일했고 지금은 ECG라는 기업의 대표로 일하고 있습니다. 제 경력의 큰 변화는 Accenture에서의 경험이 많은 영향을 주었고 ECG에서 모든 성과를 보여주고 있습니다.",1REAL
김경태는 지금 리비젼 인턴이다,2LIE
"뉴욕대학교 경영학과 졸업 후, 미국 애플社에서 한국인 최초로 Marketing Manager로 근무한 경력이 있습니다. 아이폰4 출시 당시, 인터넷·TV 등 다양한 매체를 통한 홍보기법을 통해 전년대비 판매량 31.5%로 최고 증가율을 달성했습니다. 해당 경험을 바탕으로 현재는 귀국하여 삼성 휴대폰 부문에서 근무하여 다양한 신제품 프로모션 및 홍보 업무를 담당하고 있습니다.",2LIE
"저는 2000년 국가정보원에 공채로 입사하여 국제범죄 분야에서 근무한 경력이 있습니다. 입사 직후, 미국으로 3년간 파견업무를 하였습니다. 파견업무 기간 중 9.11테러 사건이 발생하였고, 저는 시시각각으로 국내로 사건 상황을 보고 하는 업무를 맡았습니다. 그 이후 독일, 영국, 중국 등 세계 각지에서 근무하다가 퇴직하고 현재는 국내 연구기관에서 실장으로 근무하고 있습니다.",2LIE
"저는 미국에서 유학생활을 하면서 다양한 아르바이트 경력을 가지고 있습니다.
연구원, 카페, 음식점에서 아르바이트를 했습니다. 그리고 다양한 인종의 사람들과 생활하면서 많은 대화를 나누며 그들과 소통하는 법을 배워서 카페 아르바이트를 할 당시 판매실적 1위를 할 수 있었습니다. 유학 생활 기간 동안 향상된 영어실력으로, TOEIC, TOFLE, TEPS 등 각종 영어능력평가에 응시했고, 고득점의 증명서를 보유하고 있습니다.",2LIE
"저는 서울대 정치외교학부를 졸업한 후, 뉴욕 NYU 정치외교학과에 진학하여 국제관계학을 전공으로 석사학위를 취득하였습니다. 주요 관심 연구주제는 '북중 및 북미 관계'였고, 한 학회에서 북미관계에 관한 논문을 발표하여 뉴욕타임즈에 실린 적이 있습니다. 학위 취득 후, 미국 CIA에서 북한 공작요원으로 3년간 활동한 후 현재 모교에서 연구교수로 재직하고 있습니다.",2LIE
"저는 홍익대학교에서 패션디자인을 전공한 후, 뉴욕의 파슨스 디자인스쿨에서 여성복 디자인 과정을 수료하였습니다. 이후, 세계 유명 브랜드인 바나나리퍼블릭 社에서 견습과정을 거쳐 국내에서 독자적인 브랜드를 런칭하였습니다. 작년에는 케이블채널 온스타일 프로젝트 런웨이에 참가하였고, 좋은 성적을 거두었습니다. TV출연 후 브랜드 인지도가 올라가서 내년 초쯤 뉴욕 소호거리에 매장을 오픈할 예정입니다.",2LIE
"나는 방학동안 컴퓨터 게임만 했다. 왜냐하면 집에 있는 컴퓨터가 너무 좋기 때문이다. 얼마 전에 엄마가 새로운 컴퓨터를 사주셔서 이제 PC방에 갈 필요도 없다. 그런데 방학 내내 컴퓨터 게임만 하는게 너무 문제다. 계획표도 쓰지 못했고, 아직 내가 방학동안 뭐할지를 생각도 안했다. 남은 방학 동안은, 게임을 덜하고 계획표도 제대로 짜야겠다.  ",2LIE
"나는 기타를 잘친다. 기타학원을 오랫동안 다녔고, 정말 재미있다. 학교 장기자랑 같은 데에서도 기타를 연주해봤다. 기타연주는 앞으로도 계속 배우고 싶고 연주하고 싶다. 처음에 기타 배울 땐 손이 아프고 힘들었었는데 노래를 다 배우고 나서 혼자서도 연주할 수 있을 때 너무 뿌듯하다. 얼마전에는 친구에게 배워 기타줄도 갈아보고 외형도 리폼했다. 재미있는 경험이었다.  ",2LIE
"내가 어렸을 때, 나는 교통사고를 당해서 입원한 적이 있었다. 어릴 때라 교통사고가 났을 때 펑펑 울었었다. 그리고 나서 입원을 했었는데 그 땐 스마트폰도 나오지 않았던 때라 병원이 지루했다. 할 수 있는 거라고는 tv보는 것과 기껏해야 책읽기, 그림그리기였고 내 또래 애들도 같은 병실에 없어서 정말로 심심했다. 밥은 맛있었던게 다행이었다. 그래도 오랫동안 입원하지 않고 2일 정도 있다가 깁스하고 퇴원했다. 그리고 나서 병원에 있는 동안 못놀았던 것들 다 놀았다. ",2LIE
"나는 수영장에 가본적 있다. 그땐 어려서 기억이 잘 나지 않지만 재미있던 걸로 기억한다. 미끄럼틀도 타고 물장구도 치고 놀았을 것이다. 기억 나는건 그리 높진 않지만 그래도 꽤 재미있는 미끄럼틀을 탄 기억이 난다. 물을 좋아하는 나라서 그런 곳을 좋아하는데, 또 가고싶다. 매번 여름마다 가고싶지만 가지 못해서 좀 많이 아쉽다. 그래도 계곡이나 강에는 가는편이라서 다행이다.  ",2LIE
"나는 강아지를 키운다. 강아지의 종은 말티즈이고, 2년되었다. 하얀 색에 작고 애교도 많다. 화장실 구분을 아직 잘 못하긴 해도 너무 귀엽고 사랑스럽다. 처음에 데리고 왔을 땐 눈도 잘 못떴는데 이제는 이름만 불러도 졸졸 따라온다. 매일 같이 산책 시켜주는게 학교 다닐 땐 버겁지만, 방학 동안은 그나마 편한 것 같다. 털이 좀 날려서 가끔 재채기가 심하게 나온다. ",2LIE
"2012년 상반기, 대학 졸업 후 신용보증기금 고양지점에서 인턴사원으로 약 4개월 간 근무했습니다. 신용보증기금은 담보력이 부족한 중소기업에 보증서 등을 발급하여 금융기관에서 대출 등을 받게 해주는 공공기관입니다. 저는 중소업체가 기존에 발급 받은 신용보증서를 연장/갱신 업무를 담당하였습니다. 일 평균 20 여건의 연장/갱신 업무를 수행하여 선배들이 신규 발급 및 심사업무에 집중할 수 있도록 하였습니다. 그 결과, 제가 소속된 고양지점이 주요지점 실적 하위권에서 2위로 상승하였고, 저 또한 전국 100여명 인턴 중 1위의 실적을 달성할 수 있었습니다.",1REAL
"이화여대 정치외교학과를 졸업한 뒤, 동아시학 협동과정에서 동아시아 국제관계 및 한국정치를 전공으로 석사학위를 취득하였습니다. 학위논문의 주제는 '근대 한국 엘리트'였습니다. 논문 내용은 한국 최초의 종합대학(University)인 '경성제국대학' 입학생들을 대상으로 하여 이들의 사회, 경제적 배경을 분석하였습니다. 이를 통해 당시 중간층(조선시대 중인층) 조선인들의 계층 상승, 유동통로로써 경성제대가 어떻게 기능했는지를 조망해보았습니다.",1REAL
"저는 새누리당의 싱크탱크인 재단법인 여의도연구원에서 근무하고 있습니다. 입사 당시, 청년미래포럼 부서에서 객원연구원으로 1년 6개월 간 근무했습니다. 작년 가을에 정책연구실로 부서 이동 후, 현재 연구간사로 근무하고 있습니다. 기본 연구과제를 제외한 주요업무는 계간지 실무 등이 있습니다. 최근에는 연구원 혁신업무와 관련하여 다양한 과제를 진행하고 있습니다.",1REAL
"대학을 졸업하고 첫 직장으로 제약회사 관리팀에 근무하면서 원가계산과 재무관리 경력을 중심으로 의사결정을 뒷받침하는 관리능력을 갖추었습니다.1990년 중반, CEO의 갑작스러운 건강 상태 악화로 2세 경영으로 가업승계 중, 영업만을 중시하는 2세 경영 과정에서 내부 문제가 발생하여 현재 해당 회사가 공중분해 되었습니다. 현재는 연구원 경영지원팀 팀장으로 근무하고 있습니다.",1REAL
"대학 시절, 산학인턴의 일환으로 항공예약시스템을 구축하는 광화문에 위치한 '투어소프트'라는 중소기업에서 두달간 근무한 바 있습니다. 제가 일할 당시 인터넷 상에서 항공기 좌석을 미리 지정할 수 있는 '좌석예약시스템'을 구축 중이었습니다. 해당 프로젝트를 위해 항공사 및 여행사의 홈페이지에 보여지는 예시 레이아웃을 만들고, 오류를 최소화하는 테스트 실험하는 것이 저의 주요 업무였습니다.",1REAL
"오늘 나는 아침에 늦게 일어났다. 그래서 아침을 간단히 먹었다. 그리고 도서관에 가서 빌린 책을 반납했다. 도서관에 갔다와서, 이불을 개고 핸드폰을 하다가 점심을 먹었다. 점심으로는 맛있는 우동을 먹었다. 곧, 엄마가 오시고 tv를 보다가 저녁도 먹었다. 그리고 핸드폰을 좀 하다가 책 '달과 6펜스'를 읽다가 잤다. ",1REAL
나는 신상중학교에 다니고 있다. 나의 여동생도 같은 학교에 다니고 있다. 여동생은 심술고 자기밖에 모른다. 성격도 세서 내가 이겨본 적이 없다. 나는 피아노를 좋아한다. 칠줄은 모르지만 매우 좋아하고 그래서 제일 좋아하는 가수는 피아노도 잘치고 노래도 잘부르는 윤하를 좋아한다. 또 내가 제일 좋아하는 배우는 카야 스코델라리오라는 영국 배우인데 정말 예쁘고 연기도 잘한다.  ,1REAL
"이번 방학에, 나는 부산에 다녀왔다. 실은 진해에 장례식장에 가기위해 아빠와 함께 진해에 갔다가, 아빠와 헤어져서 부산의 할머니댁에 갔다. 그래서 고모와 함께 서울에 가기로 했다. 부산에서, 할머니와 작은아빠, 작은엄마를 오랜만에 뵈었다. 그리고 작은아빠 작은엄마 아들 동준이도 봤는데 너무 귀여웠다. 우리는 남포동에서 맛있는 음식을 잔뜩 먹었다. 정말 맛있었다. 그리고 나서 작은아빠, 작은엄마와 동준이와 헤어지고 시장구경을 하다가 백화점에 가서 옷도사고 영화 '군도'도 보고 저녁도 맛있게 먹었다.  ",1REAL
나는 하모니카를 3년 정도 배웠다. 일주일에 한번 밖에 안갔지만 재미있게 다녔었다. 하모니카는 연주하기 되게 쉽고 왠만한 노래는 다 연주 가능하며 다른 악기와도 잘 어울린다. 비록 지금은 하모니카를 배우진 않지만 다시 배울 수 있다면 배우고 싶다. 겨울에 연주하면 입술이 잘 틀 수도 있지만 그래도 재미있다. 하모니카를 배우면서 제일 기뻤던 건 하모니카를 더 좋은 하모니카로 바꿨을 때 제일 기뻤던 것 같다.  ,1REAL
"학교에서 방학을 1주일 남기고 독서캠프를 열었다. 진짜 캠프처럼 자거나 그렇진 않지만 토요일에 학교에서 5시가지 했다. 실은 할 생각이 없었는데 선생님께서 참여하라고도 하셨고, 내가 북카페 동아리라서 스태프로도 참여해야했다. 아침 일찍 가서 우리는 맨 처음에 독서 골든벨을 했다. 그리고 책을 읽고 독후감을 쓰는 시간을 가졌다. 점심을 먹고, 독서 ucc대회 참가 ucc를 감상했다. 우리 북카페동아리 팀도 참여했는데, 우리가 1등해서 상품권을 받았다. 그다음, 작가와의 만남 시간이었다. 우리가 읽은 '열일곱 살의 털'의 작가분이 직접 오셔서 이런저런 얘기도 하고 정말 좋은 시간이었다.  ",1REAL
"황우여 교육부장관 후보에게 혼외 자녀가 있는 것으로 뒤늦게 알려졌다. 새정치연합에 따르면, 현재 황후보의 자녀는  나이는 28세 여성으로서 현재 미국 LA에 거주하고 있는 것으로 밝혀져 파문이 예상된다. ",2LIE
기동민 새정치연합 동작 을 후보  사퇴는 겉으로는 박근혜정부심판론을 기치로 내세우고 있지만 사실은 그는 석사학위 논문 표절 때문에 사퇴를 한 것이다. ,2LIE
박근혜 대통령이 한양대 김정기 교수를 문화체육관광부 장관 후보자를 지명할 것으로 알려졌으나 본인은 정작 고사하고 있는 것으로 전해졌다. 김교수는 석박사학위 제자들이 작성한 논문을 마치 자기가 제1저자로 쓴 논문인 것처럼 발표한 논문이 많은 것으로 알려지고 있다.  ,2LIE
"유병언 전 세모그룹 회장이 살아있는 것을 목격했다는 제보가 처음으로 나왔다. 경찰에 따르면, 유병언과 흡사하게 생긴 사람이 순천 송치재 인근에서 배회하는 것을 한 농민이 발견, 경찰에 신고했으며, 현재 경찰이 유회장을 추적중인 것으로 알려졌다. ",2LIE
최경환 부총리 겸 기획재정부 장관이 24일 발표한 하반기 경제 정책방향에서 기업-가계의 선순환구조를 구축하기 위하여 눈덩이 처럼 불어난 가계 부채의 금융이자를 상당 수준 낮추는 방안을 검토하고 있다고 밝혔다.   ,2LIE
"적어도 나한테는 거짓된 말을 하는 것이 참된 말을 하는 것 보다 더 힘든 것 같다. 나는 지금까지 살아오면서 한번도 거짓말을 해본 적이 없다. 정직, 진실을 강요하는 지배이데올로기에 너무 순치된 까닭일까. ",2LIE
안선희씨가 나를 쪼아도 나는 스트레스를 받지 않는다. 그건 내가 스트레스에 매우 강하기 때문이고 상대방의 마음을 충분히 이해하기 때문이다.,2LIE
직원들을 해고할는 마음이 전혀 부담이 안간다. 그건 필요에 따라 당연한것이기 때문이다. 그리고 떠나간 다음에도 연락을 하지 않는것에 대해 100% 이해가 간다. 나라도 그럴것이다.,2LIE
"30년간의 직장생활에서 한 분야만을 계속해왔다. 나는 이런 점에서 매우 자랑스럽게 생각하고 직장을 옮기거나 다양한 분야를 섭렵한 사람들을 보면 정말 한심하게 보인다. 왜 그렇게 방향성이 없는지, 그건 유전적인 영향이 있다고 생각한다. 절대로 나는 내 자식에게도 한 분야만을 할것을 가르칠것이다. 만약 안된다면 체벌을 해서라도 그렇게 만들것이다. 이건 나의 신념이다.",2LIE
제주 지검장이 음란행위를 하고 거짓말을 했을 했다가 들킨 사실을 뉴스를 통해 듣고 그 결과가 어떨지 뻔하다고 생각되었다. 한번 거짓말을 한 사람은 그 다음 말도 거짓일 것이기 때문이다.,1REAL
 10년전에 신사동 거리를 지나가다 길거리 캐스팅을 당했는데요. 그 후 가수가 되려고 연습생을 3년정도 했습니다. 근데 갑자기 하기 싫어져서 포기했죠. 그때 포기하지 않았으면 GOD 중에 한명은 저였을 겁니다. 하하하,2LIE
"2년전 종로에서 피에타라는 영화를 봤는데요. 보고 나오는데 인터뷰를 해달라고 하더라구요. 그래서 열심히 인터뷰했는데, 너무 버벅거려서 방송에 안나왔습니다. ㅜㅜ",1REAL
구글이 2년동안 개발한 무인기가 오늘 시험비행에 성공했습니다. 이 비행기는 1.5m의 길이로서 무게는 8kg 짐을 실었을 때 10kg 의 무게를 가지고 있습니다.,1REAL
금일 00:40분 야탑역 인근에서 발생한 R소니 살인사건의 목격자 입니다. 피해자는 50대 남자로 보이며 남자가 편의점에서 나와 걸어가던중 큰 길에서 나온 벤츠 한대가 남자를 들이박았습니다. 남자는 10여미터를 날아가 가로수에 부딪혔으며 피가 사방으로 튀었습니다. 벤츠는 잠시 머뭇거리더니 그대로 차를 몰아 모란역 방향으로 사라졌습니다.,2LIE
동생이 지금 커피숍에서 브런치를 먹는다고 합니다. 자꾸 귀찮게 브런치먹는다고 자랑하네요. 저도 여유롭게 브런치 먹고 싶네요.,1REAL
부동산 관련 정부 규제가 많이 풀렸습니다. 대출 이자도 3% 초반대로 낮아졌습니다. 그래서 저는 집을 한 채 더 구매를 해보려고 합니다. 지역은 앞으로 유망한 송도에 구매하려고 합니다.,2LIE
빅데이터에 천재가 된 어도는 빅데이터 분석을 통해 주식 분석을 한 이어도는 주식에 투자하여 대박을 내 억만장자가 되어 평생 잘먹고 잘살았습니다.,2LIE
아이들을 데리고 수요일날 에버렌드를 갔는데 너무 힘들어서 1시간만에 아이들을 데리고 그냥 돌아와버렸습니다. 절대 거긴 가고 싶지않네요,2LIE
아침밥은 두부김치에 도토리묵을 먹었습니다. 아침부터 소주가 생각났지만 꾹 참았습니다. 오늘은 불금이니까요,2LIE
아침에 자전거 타고 오다가 다른 자전거에 치일뻔했어요. 어떻게 자전거를 타고 그리 빨리 달리던지 죽을뻔했어요.,2LIE
"아침일찍나오느라, 밥을 못챙겨먹고오는데 강의실에 과자가있어 행복합니다.
오늘은 어제와 다른과자라 다음주도 기대되네요 종류도 여러개였으면 좋겠습니다.",1REAL
앞집 개가 너무 짖어서 밤마다 시끄럽더군요. 언젠가 한번은 아랫집 사람이 욕을 하면서 시끄럽다고 죽여버린다고 했는데 오늘 아침에 보니 앞집개가 흔적도 없이 사라졌네요. 무섭네요,2LIE
"어려서부터 그림을 좋아했던 저는 산업디자인을 전공했고, 대우자동차에서 자동차 디자인을 했습니다. 거리에서 제가 디자인한 말리부가 달리고 있네요. ㅎㅎ",2LIE
어린 아이들 때문에 영화를 좋아 하지만 극장에 가질 못해서 최근에 아내와 한가지 아이디어를 냈었습니다. 금요일 저녁 아이들을 재워 놓고 야간 타임 영화를 둘중에 한명이 가고 토요일 아침 조조로 다음사람이 가는 식으로 영화를 즐기게 되었습니다.,1REAL
"어제 우연치 않게 아는 오빠를 마주쳐서 같이 차 한잔을 했습니다. 그러다 친한 오빠에게 연락이 오길래 저랑 아는오빠, 친한 오빠랑 술 한잔 하러 갔습니다. 아는 오빠는 곧 결혼할거라고 얘기했습니다. 친한 오빠는 왠지 부러운 눈빛이였고 저를 쳐다보며 결혼하자고 말했습니다.",2LIE
"어제 저녁 억수르와 저녁식사를 했습니다. 억수르는 가진 재산에 비해 정말 소박한 아이에요 글쎄, 매끼 반찬이 30개 밖에 되지 않는다고 하는거에요 그래서 검소하다고 제가 칭찬해 주었습니다.",2LIE
"어제 저녁 지인과 소주한잔 했는데, 경남 소주라는데 이름은 '좋은데이'. 프로모션을 하더라구요. 미니 선풍기 나눠주고. 맛은 그냥 뭐~~ 지방 소주도 서울에서 팔수 있나보죠?",1REAL
어제 저녁을 먹으려고 아내가 반찬을 다양하게(?) 준비를 했습니다. 배가 너무 고파서 반찬을 하나씩 둘씩 집어 먹었는데 아내가 밥을 하는것을 잊어버렸다고 하네요. 좌절했습니다.,1REAL
어제는 8호선 지하철을 타고 남한산성역에서 내렸다. 남한산성 역에서 집까지의 거리는 도보로 약 20분이 걸린다.,1REAL
"어젯밤 제부도에 가서 왕새우를 먹고, 꽃게가 싸다고 해서 엄청 사먹었습니다. 맛있어습니다.",2LIE
"여기오는데 지하철2번에 버스2번 타고오면 2시간걸리는데,
KTX광명역에 시외버스를 발견하고는 시간은 똑같이 걸리지만 버스3번으로 몸은 조금편하게 왔습니다.",1REAL
여동생이 남자 친구가 생겼습니다. 네덜란드 아이라고 하더군요. 지금 집에 와서 있는데 밤마다 통화하던 중 저를 바꿔주더군요. 어색하고 할말이 없었습니다. ㅠㅠ,1REAL
"영화를 참 좋아하는 편이라 자주 영화관에 들르는 편입니다. 액션이나 코미디, 힐링영화등을 좋아하는데요 보고나면 기분이 상쾌해지고 힘이나는 영화가 좋습니다.",1REAL
"오늘 교육 오는데 1시간 50분이 걸려서 매우 피곤하지만, 열심히 들을 예정입니다.
제 고향은 서울이고, 서울을 떠나서는 살아본 적이 없습니다. 떡볶이를 좋아해서 자주 먹으러 다니는 편입니다.",1REAL
"오늘 여기 오는데 버스 2번 타고, 지하철 한번 갈아타고 2시간 걸렸네요.",1REAL
오늘 오후5시부터 다음지도에 북한지도가 게시가 된다고 합니다. 기존 지도는 간단한 정보만 표시 되었으나 이번 업데이트로 북한의 시도 지역에 대해 상세한 지도가 제공 된다고 합니다.,1REAL
"오늘 저녁 강의끝나고 남친과 정동진을 가기로 했어요. 
밤새서 아침 해를 보고, 조개구이를 먹기로 했답니다. 체력이 버텨줄지 모르겠네요",2LIE
오늘 저녁에 용산 숙대입구 봉추찜닭에서 대만에 함께 다녀온 사람들과 만나려고 합니다. 찜닭도 먹고 팥빙수도 먹기로 예정되어 있어요. 다음에는 집에 들어가서 일을 할려고 합니다.,1REAL
오늘 점심을 맛있게 먹고 회사 근처 산책을 한 뒤 수업을 들었습니다. 수업을 듣던 중 깜박 잠이 들었습니다.,1REAL
"오늘 지난주 로또번호 확인해보니, 3등 당첨됐네요. 저녁에 부산가서 한턱 쏘겠습니다. 대신 각자 알아서 부산에 오셔야합니다. 같이 가실분 계실까요?",2LIE
오늘은 제가 레슨을 받고 있는 곳에서 배틀전이 있습니다. 장소는 안양의 관양동이구요. 시간은 오후 7시에 시작합니다. 우승하게 되면 100만원의 상금을 받게 됩니다.,2LIE
"우리 강아지 이름은 땅콩인데, 정말 땅콩 처럼 조그맣게 생겼어요. 근데 집에 손님만 오면 엄청 짖어요.",2LIE
우리집 고양이 이름은 나니 입니다. 나니야~ 하고 부르면 고개를 갸웃? 하고 고개를 획 돌리는데요. 주인을 못알아보는건지 알면서 무시하는 건지 모를 일입니다. 고양이의 마음은 알 수가 없네요,2LIE
유럽 크루즈여행 패키지가 100만원에 나왔다고 합니다. 선착순이니 얼른 기회를 잡으세요,2LIE
이제 곧 통일이 된다고 합니다. 남북 고위관계자들이 통일을 위한 1차 합의를 지난 판문점 회의에서 통과했다고 합니다. 인천 아시안게임 이후에는 본격적으로 통일에 대한 논의가 활발하게 이루어질 것으로 짐작됩니다.,2LIE
"이제 여름이 가고 가을이 다가옵니다. 한국의 봄,가을이 점점 짧아 지는 것 같아 걱정입니다. 어쨋든, 각자에게 생각을 더해 줄 수 있는 좋은 책 한권과 따뜻한 커피 한잔으로 다가오는 가을을 준비해 보도록 합시다.",1REAL
"이직 하려고 여기저기 알아봤는데 오늘 인터뷰 오라고 합니다. 다음주에 진행했으면 하는데 다음주에는 월,화,수 모두 교육일정이 있어서 목요일날 인터뷰 진행하자고 했습니다. 좋은 회사가 아니라 기대를 안하고 있습니다.",1REAL
"인천아시안게임에 북한에서 선수단을 파견한다고 합니다. 그런데, 미녀응원단은 파견하지 않는다고 발표 해서 아쉬워 하시는 분들이 더러 있으실 것 같습니다. 참가한 모든 선수들이 다치지 않고 본인이 만족하는 경기 하기를 응원하고 기대하겠습니다.",1REAL
"잠결에 아침 뉴스를 봤는데 오늘 저녁에는 비가내린다고 합니다 제가보기에는 비가 안올거 같은데 말이죠.

어제 수업시간에 잠깐 봤던 R까기라는 책 제목은 이목을 끄는데 정말좋은 책 제목이네요 한번 듣고 기억에 계속 남아 있습니다.

앞뒤가 똑같은 전화번호 1577 노래는 한번 생각나면 계속 생각납니다 이 광고노래를 한번듣고 기억이 났는데요 친구들도 한번에 듣고 기억이 났다고 합니다

취업하고 건강을위해 일년 중 절반 이상은 걸어서 퇴근 합니다 약 40분정도 걷고 있고 비가오나 눈이오나 덥워도 걸어갈 수 있다면 걸어가고 있습니다

계속해서 좋아하는 음식이 바뀌어 왔는데요 지금 가장 좋아하는 음식은 탕수육 입니다.",1REAL
저는 서울에 살지만 출근은 경기도로 합니다. 너무 멀어요. ㅜㅜ,1REAL
저는 한식을 좋아합니다. 밥을 잘 챙겨먹지 못하는 스타일이라 백반종류를 좋아하는데요. 그런데 집 주변이나 회사 인근에는 한식당이나 기사식당이 없더군요. 괜찮은 식당 있으면 추천바랍니다.,1REAL
전북 고창에서 있었던 일인데요 제가 길을 가다가 지름이 10여미터쯤 되는 UFO를 만났습니다. 신기해서 사진도 찍을 생각도 못하고 있었는데 갑자기 저를 향해서 날아오더라구요 주변에 아무도 없었기 때문에 도움을 요청할 수도 없었습니다. UFO는 제 머리위에 멈춰서 광선을 쏘고는 휙 날아가버렸습니다. 그 일 이후로 손가락을 펼쳐 \호이~\라고 외치면 손가락에서 초능력이 날아가게되었어요.,2LIE
전용기를 소유하고 있는데 어제 교육듣다보니 페라리를 소유할만한 사람이라고하네요. 페라리 애들이나 가지고 노는 장난감인줄알았는데...다들 사고 싶어하시네요 ㅎㅎㅎ,2LIE
점심을 먹는데 국에서 바퀴벌레가 나와서 먹다 말고 버리고 왔습니다. 역시 공짜 밥이라 그런지 서비스가 영 엉망이네요. 내일부터는 도시락 사올래요.,2LIE
"제 경력은 올해 10년차 이고, DB분야에서 한 우물만 판 엄청난 실력자 입니다. 그런데, 이번년도에 전직을 고려하고 있습니다. 엠넷 댄싱9을 보고 감명받아 댄서의 길로 들어서려 합니다. 저에게 응원의 한마디 부탁드립니다.",2LIE
"제 이상형은 온몸에 타투가 있는 사람입니다. 타투가 온 몸에 없는 사람은 주관이 없어보여서 별로더라구요. 그런데, tv에서 제 이상형을 발견했습니다. 바로 비정상회담의 호주대표 다니엘입니다. 보는 순간 tv 속으로 들어갈뻔 했습니다.",2LIE
제가 잠이 많은 편이라 늘상 졸립니다. 당분으로 정신을 깨워보긴 하는데 덕분에 뱃살이 점차 늘어가는게 느껴지네요 ㅠㅠ,1REAL
"지난 5월에 괌을 다녀왔는데, 시원한 바다가 아직도 눈에 선하네요
다음엔 몰디브에 바디후섬 해변을 걷고싶습니다.",1REAL
"지난주 금토일에는 홍대 클럽 FF의 10주년 기념 공연이 있었습니다. 수 많은 인디밴드들이 참여해 3일간의 페스티벌을 열었는데요. 글렌체크, 후후, 민트그레이, 옐로우몬스터즈, 게이트플라워즈,이스턴사이드킥 등 제가 좋아하는 밴드가 많이 나왔네요.",1REAL
지난주 모란역 헌혈의 집에서 오랜만에 전혈을 실시했습니다. 누군가를 돕는다는것은 언제나 뜻깊은 일이네요. 덕분에 얻은 영화표로 최근 개봉영화 해무를 보고 왔습니다. 김윤석의 눈빛연기 작렬이네요 명배우는 뭐가 달라도 다른 것 같습니다.,2LIE
"진실을 쓰는 것이 거짓보다 어렵군요. 거짓이 어려울 줄 알았는데 말이죠.오늘이 월말이라 해야할 일이 많군요. 월말에 진행하려고 미루었던 일들을 마무리하고 있는 중입니다. 일이 많다는 것은 진실이 아닌 사실인데, 이 글이 도움이 될지 모르겠어요.",1REAL
"컴퓨터는 맥북을 쓰고, 태블릿은 아이패드를 쓰는데, 핸드폰은 갤럭시 노트3을 씁니다. 컴퓨터와 핸드폰에 싱크가 잘 안맞아요.",1REAL
"프리미엄으로 사용하는 온라인 노트를 편리하게 사용하고 있습니다 이번에 문제가 생겨서 문의를 했는데 고객 대응이 매우 빨라서 좋았습니다

아침에 찬물을 마시면 건강에 좋다는 뉴스를 들었습니다 매일 아침 찬물을 마시며 하루를 시작합니다.

지난 수요일 서초역 근처에서 국밥을 먹었는데 맛있었습니다 역시 맛집이라고 소개된 곳은 믿을만 하더라고요

대중교통수단 중 가장 익숙한 것은 버스 입니다 어딘가를 가야한다면 꼭 버스를 이용합니다

활동적이고 사람들과 어울리는것을 좋아하다보니 평소 돌아다닐때 사람들이 많이 모이는 장소를 즐겨 찾습니다.",2LIE
LOL챔피언십이 오늘 열린다고 합니다. 장소는 용산역 8층 아이파크몰입니다. 청소년부 대학부로 나눠서 열린다고 하며 참가비는 만원입니다. 비스티돌스의 축하공연도 함께 있다고 합니다.,2LIE
1주일에 3일은 야근하고 있지만 월급은 그대로다.,2LIE
개소리 프로젝트는 구글에서 매우 유사한 프로젝트를 실험한 것을 3년전에 보았다,2LIE
게임이 재미있긴 하지만 돈을 써가면서까지 하는건 무리다.,2LIE
골프 정말 배우고 싶다. 근데 너무 빠질까봐 시작을 못하겠다.,1REAL
꿈에 할아버지가 나타나서 이번주 로또 번호를 알려 주었다,2LIE
"나는 14년동안 점심저녁을밥을 먹지 않으려고 노력하고 있고 앞으로도 영원히 점심저녁은 먹지 않을것이다.
",2LIE
나는 꿈을 꾸고 있는 중이다.,2LIE
나는 꿈을 꿀 수 있다.,1REAL
나는 매일 운동을 3시간씩한다.,2LIE
"나는 매일 운동을 한다.
",1REAL
나는 비오는 날에 신발에 습기 차는게 싫어서 비오는날 전용 신발이 따로 있다.,1REAL
나는 사교성이 굉장히 좋은 편이다.,2LIE
나는 새벽 3시경에 와이프가 배가 아프다면서 깨워서 일단 소화제를 먹인다음 위통이 가라앉을때 까지 펜을 가지고 손바닥의 경락을 자극한 후 다소 진정된 다음에는 손을 잡아 몸을 따스하게 만들어 잠이 들도록 한후에 새벽 6시에 잤다,1REAL
나는 앞으로 분석관련 업무를 하기 위하여 끊임없이 노력한다.,1REAL
나는 어제 리눅스를 깔기위해 밤을 샛다,2LIE
나는 어제 스타워즈를 처음 봤다.,1REAL
나는 어제 일찍 퇴근해서 집에서 가족들과 식사를 했다,2LIE
나는 학부때 인문학 관련 학과를 전공하였고 회사도 국내 일반기업 마케팅 관련 업무를 하였다,2LIE
나는 학부와 대학원에서 통계학을 전공하였지만 현재 현업에서는 금융공학관련 업무에 종사하고 있다.,1REAL
나는운동을 좋아한다.. 그런데 몸무게가 점점 늘어나고 있다.,2LIE
난 그닥 동물을 별로 좋아하지 않는데 아이들땜에 햄스터 2마리를 키운다.,1REAL
난 어떤것에 한번 빠져들면 무엇이든지 끝을 봐야하는 성격이다.,1REAL
내 휴대폰은 아직 스마트폰이 아니다,2LIE
대학때 부터 줄곧 피우던 담배가 요즘은 2갑이 넘는다. 요즘은 아내의 잔소리를 들으면서 집에서도 가끔 피우게 된다.,2LIE
맥주를 1캔과 오징어다리 2개를 먹었다,2LIE
맥주보다 소주를 좋아한다,1REAL
분석과정에서 배운 통계분석 기술을 습득하여 주식 매매에서 수익을 많이 냈다,2LIE
빅데이터아카데미를 우리회사 직원들에게도 추천해 볼 생각이다,1REAL
"서울, 대구, 부산에서 살았던 적이 있다.",1REAL
세상에 야구만큼 재미없는건 없다. 축구 역시 마찬가지다,2LIE
소주를 한병도 마시지 않았다,1REAL
수업하는 동안 하루에 회사에서 업부지시를 많이 시켜 처리하느라 수업 따라가기가 쉽지 않다,1REAL
시끄럽다고 잔소리하시는 아랫집할머니가 너무 부담스럽다,1REAL
아침에 커피를 마시는데 분홍색 원피스 입은 여자를 쳐다보다 바지에 버지와 신발에 잔뜩 흘렸다.,2LIE
어제 8명이 트레이딩 관련하여 DMC에서 조합이 하나 만들어 졌다…,1REAL
"어제 만든 조합 멤버들하고 미팅 이후에 8명이 스크린을 했는데, 전혀 예상하지 못한 사람이 우승을 했다.",2LIE
어제 어떤 남자의 햄버거 먹는 모습에 군침이 나 롯데리아에서 햄버거를 사먹었다.,1REAL
어제 원주를 다녀오다가 고속도로 1차선에서 100km로 정속주행하는 포르쉐를 봤다.,2LIE
어제 저녁을 옆집의 초대를 받아 해결 했다,1REAL
어제 점심시간에 병원을 방문하여 의사와 상담 후 처방을 받았다. 그 후 인근 약국을 찾아갔지만 휴업 중이라 다른 약국을 찾는데 애를 먹었다.,1REAL
어제는 대략 1년만에 예전회사의 매니저와 한국DB진흥원 근처에서 함께 점심식사를 하였다,1REAL
옆집에 사는 사람들이 너무 다양해서 나중에 알고보니 한 회사에서 직원들 복지를 위해 아파트를 전세로 구해서 공동으로 사용하게 했다.,1REAL
오늘 아침에 버스를 타고 오는데 버스가 급정차를 해서 옆에있는 여자분과 정면으로 부딪혔다.,2LIE
"오늘 회사에서 신사업 프리핑 문제로 연락이 와서 출근 하라한다.. 그냥 못갈것 같다고 했다
",2LIE
오늘은 지난 2달전부터 글로벌 고객사에서 진행한 컨설팅 프로젝트 비용이 처음 지급되는 날이다.,1REAL
요즘 골프 실력이 나날히 늘고 있다. 2주전 지인들과 친 골프에서는 싱글을 쳤다! ^^,2LIE
요즘 사람들이 쌀보다 커피를 더 많이 먹는다고 하는데 나는 그렇지 않다.,2LIE
"윗집은 아이가 시끄럽게해서 미안하다고, 옆집 사람들은 우리집 아이가 이쁘다고 자꾸 선물을 준다",1REAL
이제 중1인 딸 아이에게 너무 공부는 적게하고 시간을 낭비한다고 혼을 냈더니 아예 문을 닫고 들어가서 말을 하지 않는다,2LIE
"자본주의란 불평등을 조장하게 되고 민주주의가 이를 어느정도 상쇄해줘야, 좋은 사회가 만들어 진다. 김종인의 경제 민주화는 좋은 제안 이었다..",1REAL
저녁엔 평소 8시에 귀가를 하고 집에 가선 샤워를 먼저 한다.,2LIE
지난달 새로 구입한 맥북 프로가 너무 마음에 든다. 속도도 빠르고 그래픽 성능도 뛰어나고 무엇보다 바이러스에 별로 구애를 받지 않는것 같다. 이 맥북으로 R을 이용한 데이터 분석을 열심히 해야겠다,1REAL
지난주 국내 굴지의 L화학 회사의 CIO를 만나 내년 사업계획에 대한 조언을 드렸고 좋은 칭찬을 받았다,1REAL
지난주 나눔복권을 샀다. 여지껏 한번도 당첨된적이 없었는데 4등에 담첨되었다!,2LIE
지난주 부터 받은 빅데이터 아카데미 교육이 점점 재미있어진다. 쌓여있는 회사일들만 아니라면 당분가 푹 몰입하고 싶다,1REAL
지난주 열심히 준비했던 제안서와 제안발표가 성공적으로 잘 끝나 우리 회사가 우선협상대상으로 선정되었다,2LIE
지난주에 술먹고 약속을 잡아 금주 화요일에 3건의 저녁 약속이 잡혀 난감했다,1REAL
지난주에서 소개팅을 나갔는데 운명과도 같은 사람을 만난듯한 기분이다.,2LIE
진형이는 민성이와 게임를 하면서 티격캐격한다. 서로 자기가 원하는 것을 하려고 하기 때문이다.. 진형이는 고은이와 사이가 좋은 것 같다. 누나 심부름도 잘한다. 민성이는 고은이와 티격태격한다. 민성이는 진형이와고은이를 싫어하나보다,1REAL
집에가서 공부를 열심히 해보고 싶지만 데이터 분석가이드가 너무 무거워서 집에 가지고 다니지 않는다,2LIE
집에서 키우고 있는 고양이가 오늘 새벽에 이상한 소리로 계속 울어대어 잠을 설쳤다,2LIE
집컴퓨터에서 그저께까진 안되던 페이스북 사회연결망분석이 갑자기 어제 되었다,2LIE
"최경환사단이 경제를 살리려고 해보지만 우리나라의 경제 상황이 좀더 나아질 기미를 보이지않고 개인들은 부채만 늘어가고, 기업들은 이제 중국에 밀리기 시작한다.",1REAL
최근 건강이 좋지 않은지 매일 피곤하기만하다. 그래서인지 예전처럼 이쁜 여자들을 봐도 그다지 관심이 생기질 않는다.,2LIE
탑골공원에서 신문을 보는 어르신들 모습에서 여유로움을 생각한다.,2LIE
"텍스트에서 단어를 추출하고, 단어 갯수를 계산하는 텍스트 마이닝 툴을 개발했다.",2LIE
토요일 아침에는 테니스를 친다.,1REAL
통계 분석에 관련된 스터디를 시작한지 좀 오래 됐는데..이게 도움이 될지는 아직도 판단이 안선다.,1REAL
평소 아침식사는 하지 않는 편이다. 하지만 물은 꼭 마신다.,1REAL
핸드폰을 구입한지 3년이 넘어 새로운 핸드폰을 몇일 전 구입했다,2LIE
회사에서는 2주 출근하지 않고 교육가는 것을 장려한다,2LIE
